Colonne1,code_region,region_x,continent,annee,agriculture,autres_sources,dechets,foret,procedes_industriels_utilisation_produits,secteur_residentiel_commercial_institutionnel_AFP,source_utilisation_terres,transport,energies,emissions_totale,variation_temperature,ecart_type,region,population_totale
0,5101,Afrique de l'Est,Afrique,1990,213806.9994,8092.767,19437.3238,2926.2145,4280.3615,21519.0804,858348.7692,11677.4834,29633.4361,1169722.4353,0.466,0.24100000000000002,Afrique de l'Est,191675751.99999997
1,5101,Afrique de l'Est,Afrique,1991,209740.1612,5898.897,20090.736,2972.6834,4384.5286,22967.3231,858302.3003,11040.4994,32236.7717,1167633.9007,0.41100000000000003,0.24100000000000002,Afrique de l'Est,197023078.0
2,5101,Afrique de l'Est,Afrique,1992,210113.6893,10945.5124,20732.8091,3020.0885,4031.6083,24227.8173,858254.8952,11863.0169,32353.4168,1175542.8538,0.419,0.24100000000000002,Afrique de l'Est,202306215.0
3,5101,Afrique de l'Est,Afrique,1993,203927.9355,5017.1895,21462.156000000003,4644.3406,4151.21,26232.5338,856630.6432,11900.8487,31701.2499,1165668.1072,0.267,0.24100000000000002,Afrique de l'Est,207616920.0
4,5101,Afrique de l'Est,Afrique,1994,205275.8157,6278.3529,22200.9902,4711.0966,4103.4685,27397.5459,856563.8871,12230.7041,31150.1545,1169912.0155,0.35100000000000003,0.24100000000000002,Afrique de l'Est,213087957.0
5,5101,Afrique de l'Est,Afrique,1995,209130.7068,6748.9695,22965.9916,4779.5731,4537.4843,29179.377999999997,856495.4106,13326.3011,30569.5247,1177733.3397000001,0.675,0.24100000000000002,Afrique de l'Est,218816136.00000003
6,5101,Afrique de l'Est,Afrique,1996,210188.5795,5446.5499,23753.4151,4849.9714,5068.0298,29867.0338,900686.618,13839.2279,29989.1048,1223688.5302000002,0.49,0.24100000000000002,Afrique de l'Est,224836609.0
7,5101,Afrique de l'Est,Afrique,1997,211036.1905,5141.1785,24568.1145,4922.5224,5013.9293,30382.8357,848494.1479999999,13661.0878,30139.9896,1173359.9963,0.46,0.24100000000000002,Afrique de l'Est,231124313.99999997
8,5101,Afrique de l'Est,Afrique,1998,225695.0958,6939.7458,25441.2181,4997.4932,4734.7071,29699.0187,875199.152,14180.7156,32257.8304,1219144.9767,0.8420000000000001,0.24100000000000002,Afrique de l'Est,237643440.0
9,5101,Afrique de l'Est,Afrique,1999,224585.121,5738.0512,26245.6813,5075.1945,4661.6990000000005,30382.6448,832814.9890000001,14889.4538,33313.769,1177706.6036000003,0.366,0.24100000000000002,Afrique de l'Est,244333812.0
10,5101,Afrique de l'Est,Afrique,2000,214118.7344,5706.3441,27133.8332,5155.9906,4833.4545,30497.1767,845136.7275,14429.6102,33798.3215,1180810.1927,0.525,0.24100000000000002,Afrique de l'Est,251153970.0
11,5101,Afrique de l'Est,Afrique,2001,223565.9896,5705.5016,27971.5509,-62076.4735,5230.5695,30581.0447,768305.4399,15450.7677,35491.1734,1050225.5638,0.493,0.24100000000000002,Afrique de l'Est,258101532.0
12,5101,Afrique de l'Est,Afrique,2002,226191.6647,5222.304,28782.4696,-62028.0135,5320.9215,30846.7539,747219.8487,15435.3317,35741.6589,1032732.9395,0.823,0.24100000000000002,Afrique de l'Est,265202145.00000003
13,5101,Afrique de l'Est,Afrique,2003,239309.27899999998,5715.9696,29575.1798,-61978.818,6011.5042,32112.2693,792345.4562,15876.9112,35019.7584,1093987.5096999998,0.877,0.24100000000000002,Afrique de l'Est,272475547.0
14,5101,Afrique de l'Est,Afrique,2004,239386.4042,5217.402,30415.7926,-61928.8783,6462.3832,31462.1026,819586.4028,16204.9348,37509.502,1124316.0459,0.6509999999999999,0.24100000000000002,Afrique de l'Est,279950148.0
15,5101,Afrique de l'Est,Afrique,2005,252378.8222,6624.0716,31289.8795,-61878.1868,6859.562,32465.3764,884376.2115,17525.3668,40110.3097,1209751.4129,1.0070000000000001,0.24100000000000002,Afrique de l'Est,287649485.0
16,5101,Afrique de l'Est,Afrique,2006,243297.3392,4780.1071,32163.5176,-60713.8374,6917.0029,33185.337,808889.9965,18997.6502,41488.9324,1129006.0455,0.795,0.24100000000000002,Afrique de l'Est,295577930.0
17,5101,Afrique de l'Est,Afrique,2007,274213.8529,5974.3862,33059.3878,-60753.9537,7194.0997,34435.7632,798659.0059999999,19831.5536,43823.0988,1156437.1945,0.684,0.24100000000000002,Afrique de l'Est,303738066.0
18,5101,Afrique de l'Est,Afrique,2008,286592.3153,3540.9962,33767.1251,-60796.5159,7335.8501,34825.9643,822506.0845,19919.1329,45732.9933,1193423.9458,0.475,0.24100000000000002,Afrique de l'Est,312149426.99999994
19,5101,Afrique de l'Est,Afrique,2009,287726.4856,3991.0617,34689.7294,-60841.8563,7469.9616,36151.3593,767196.7091,20192.4889,48345.9599,1144921.8991999999,0.924,0.24100000000000002,Afrique de l'Est,320834663.0
20,5101,Afrique de l'Est,Afrique,2010,300491.7737,4393.0149,35616.7745,-60890.37,7886.1388,37322.0871,797875.2621,21763.8779,50765.9209,1195224.4799000002,1.0070000000000001,0.24100000000000002,Afrique de l'Est,329809469.0
21,5102,Afrique Centrale,Afrique,1990,88866.1214,16775.3647,8727.4729,7353.9379,3080.1962,9006.0971,427254.559,4520.8811,34635.5629,600220.1932,0.396,0.215,Afrique Centrale,70855105.0
22,5102,Afrique Centrale,Afrique,1991,89182.4944,11642.794,9023.8297,7364.7123,2958.8232,9194.3817,427243.7846,4520.6625,34759.0424,595890.5248,0.35100000000000003,0.215,Afrique Centrale,73283542.0
23,5102,Afrique Centrale,Afrique,1992,89628.7224,20768.3215,9342.97,7375.5873,2918.7685,9134.8472,427232.9096,4352.9449,35962.6465,606717.7179,0.057999999999999996,0.215,Afrique Centrale,75871136.0
24,5102,Afrique Centrale,Afrique,1993,89587.1454,10539.2122,9635.2641,7386.565,2906.3216,9409.9443,427221.9319,4493.2007,37191.0514,598370.6366000001,0.195,0.215,Afrique Centrale,78544394.0
25,5102,Afrique Centrale,Afrique,1994,89793.31199999999,12523.1736,9939.7226,7397.648,2875.0975,9898.343,427210.8489,4730.0603,33183.1321,597551.338,0.249,0.215,Afrique Centrale,81201899.0
26,5102,Afrique Centrale,Afrique,1995,89961.0973,13861.9981,10196.4332,7408.8387,2655.7332,10027.7734,427199.6583,4209.8162,38137.4774,603658.8258,0.493,0.215,Afrique Centrale,83775158.0
27,5102,Afrique Centrale,Afrique,1996,88827.3856,11537.0172,10508.6809,7420.1396,2704.9732,10362.6682,430852.4717,4162.6218,44319.9238,610695.8819999999,0.248,0.215,Afrique Centrale,86236406.99999999
28,5102,Afrique Centrale,Afrique,1997,89061.913,10217.9888,10821.3316,7431.5536,2725.0864,10546.1851,435129.8795,4263.4862,45828.6652,616026.0894,0.514,0.215,Afrique Centrale,88620038.0
29,5102,Afrique Centrale,Afrique,1998,95447.1586,8501.9931,11148.3132,7443.0833,2806.4803,10915.5341,454634.5274,4192.7515,50027.364,645117.2054999999,1.073,0.215,Afrique Centrale,90996924.0
30,5102,Afrique Centrale,Afrique,1999,90634.1039,7542.6361,11480.5691,7454.7316,2896.0561,11173.3049,440155.0236,4247.1351,50095.4684,625679.0288,0.423,0.215,Afrique Centrale,93469838.0
31,5102,Afrique Centrale,Afrique,2000,96763.0419,9213.4475,11850.3027,7466.5015,2885.4627,11209.9642,431675.6664,4499.8801,49720.9677,625285.2347,0.36,0.215,Afrique Centrale,96115539.0
32,5102,Afrique Centrale,Afrique,2001,95549.8554,10200.3194,12312.4158,6301.5534,3436.4141,11254.9263,396818.9313,4843.7688,49399.3736,590117.5581,0.354,0.215,Afrique Centrale,98955634.0
33,5102,Afrique Centrale,Afrique,2002,92934.0717,8649.753,12695.2646,6306.3869,3370.8083,11399.5001,415010.56200000003,5159.0254,45641.2246,601166.5966,0.7170000000000001,0.215,Afrique Centrale,101974579.0
34,5102,Afrique Centrale,Afrique,2003,105895.5384,7925.1555,13125.5646,6311.2413,3564.8598,11757.9342,422647.9699,7046.4693,46761.1013,625035.8343,0.687,0.215,Afrique Centrale,105166975.0
35,5102,Afrique Centrale,Afrique,2004,102382.8341,8712.6867,13561.2842,6316.1171,3745.2163,11816.3562,436511.0282,7078.0138,49194.3179,639317.8545,0.579,0.215,Afrique Centrale,108515938.00000001
36,5102,Afrique Centrale,Afrique,2005,106180.805,8297.8587,14004.9537,6321.0149,4136.1389,11816.0853,439453.4124,6468.2675,50035.1482,646713.6846,0.812,0.215,Afrique Centrale,112008261.0
37,5102,Afrique Centrale,Afrique,2006,103163.5006,20627.9434,14467.7514,3053.1264,4192.576,12800.058,434881.2098,7145.9490000000005,48001.8815,648333.9961,0.743,0.215,Afrique Centrale,115648275.0
38,5102,Afrique Centrale,Afrique,2007,102227.3705,37547.9614,14477.2715,3055.2228,4202.5554,13210.2236,446246.0506,8541.6068,46978.3556,676486.6182,0.7440000000000001,0.215,Afrique Centrale,119442043.0
39,5102,Afrique Centrale,Afrique,2008,102429.6475,19995.4225,14572.6866,3057.303,4244.885,13984.0265,431985.8112,7826.3331,48025.9087,646122.0241000002,0.447,0.215,Afrique Centrale,123378435.0
40,5102,Afrique Centrale,Afrique,2009,96240.1691,17549.9392,14736.1736,3059.3698,4194.5538,14838.7915,432310.9146,8876.8366,49152.1508,640958.899,1.045,0.215,Afrique Centrale,127442340.0
41,5102,Afrique Centrale,Afrique,2010,99996.0669,19555.6943,14811.1737,3061.4262,4335.431,15285.7009,438977.43299999996,10824.5171,48013.1546,654860.5977,1.1179999999999999,0.215,Afrique Centrale,131622125.99999999
42,5103,Afrique du Nord,Afrique,1990,108992.2359,3707.7453,19020.5414,-39247.0389,29142.933999999997,35211.2678,227717.42,41691.1427,206946.97199999998,633183.2202,0.484,0.266,Afrique du Nord,145237434.0
43,5103,Afrique du Nord,Afrique,1991,111901.4024,2893.4269,19622.4498,-39385.5986,30833.6472,37188.2891,227855.9797,42461.0476,210849.063,644219.7071,0.4,0.266,Afrique du Nord,148593525.99999997
44,5103,Afrique du Nord,Afrique,1992,117856.0247,3428.7241,20234.6592,-39525.7211,32746.1499,38430.5473,227996.1022,43397.5009,217696.8063,662260.7934999999,-0.162,0.266,Afrique du Nord,151904720.0
45,5103,Afrique du Nord,Afrique,1993,122955.2275,3211.7397,20818.5058,-39667.4339,31161.4244,38744.4862,228137.815,45339.3925,218891.7821,669592.9393,0.45299999999999996,0.266,Afrique du Nord,155175303.0
46,5103,Afrique du Nord,Afrique,1994,126215.8384,3220.2118,21500.2034,-39810.765,31716.3319,40376.6484,228281.1462,48483.8499,215606.423,675589.888,0.536,0.266,Afrique du Nord,158413933.00000003
47,5103,Afrique du Nord,Afrique,1995,129266.2237,3634.868,22128.905,-39955.7433,32277.6491,41367.2653,228426.1244,49962.9178,229104.771,696212.981,0.5329999999999999,0.266,Afrique du Nord,161628729.0
48,5103,Afrique du Nord,Afrique,1996,131638.9894,3508.4665,22736.3231,-40102.398,33141.6994,42038.1103,228174.4202,51415.4087,233715.1887,706266.2083,0.636,0.266,Afrique du Nord,164823435.0
49,5103,Afrique du Nord,Afrique,1997,134518.5987,3652.8844,23310.4007,-40250.7591,32993.1146,42571.4834,238015.9147,53975.4681,235647.6172,724434.7227,0.805,0.266,Afrique du Nord,168001362.0
50,5103,Afrique du Nord,Afrique,1998,140805.5476,3565.9139,23929.9338,-40400.8572,33811.817,45703.2307,253895.7909,56732.5959,237472.551,755516.5236000001,1.0,0.266,Afrique du Nord,171170648.99999997
51,5103,Afrique du Nord,Afrique,1999,145205.106,3992.7292,24553.0269,-40552.7236,35596.8223,47242.1343,247232.5319,58923.3511,244666.2178,766859.1958999999,1.0490000000000002,0.266,Afrique du Nord,174340933.99999997
52,5103,Afrique du Nord,Afrique,2000,151760.4529,3935.8232,25123.2084,-40706.3903,37106.7301,48897.5204,245916.3526,61562.492999999995,253239.9239,786836.1142,0.615,0.266,Afrique du Nord,177522243.00000003
53,5103,Afrique du Nord,Afrique,2001,147411.5526,3844.6859,25779.8041,61306.8835,38945.8095,50638.3761,208028.4185,61480.0051,253030.11,850465.6453,1.263,0.266,Afrique du Nord,180723182.0
54,5103,Afrique du Nord,Afrique,2002,157398.5931,4108.0468,26418.6116,61966.3972,40580.9485,52844.36,264026.0422,62542.9235,267873.4249,937759.3478000001,1.09,0.266,Afrique du Nord,183953491.0
55,5103,Afrique du Nord,Afrique,2003,161338.1032,3957.6765,27095.3513,62633.9479,40090.1563,54290.28599999999,181007.4764,65625.4676,285166.5035,881204.9687,1.091,0.266,Afrique du Nord,187226324.0
56,5103,Afrique du Nord,Afrique,2004,163324.8215,4061.1495,27741.4685,63309.6836,42651.3174,60517.2037,222204.4137,74385.8902,289992.8286,948188.7767,0.915,0.266,Afrique du Nord,190556221.99999997
57,5103,Afrique du Nord,Afrique,2005,168755.5049,4544.3119,28327.6295,63993.7556,44966.7272,66645.7714,197466.3325,75249.2463,311844.2838,961793.5631,0.9279999999999999,0.266,Afrique du Nord,193957202.0
58,5103,Afrique du Nord,Afrique,2006,160575.3332,6785.7893,28993.7019,-37859.1956,47430.3272,68064.8992,217662.9632,79410.2057,324679.1164,895743.1405,1.089,0.266,Afrique du Nord,197429013.0
59,5103,Afrique du Nord,Afrique,2007,168928.6097,12614.827,28282.8264,-38032.8342,49556.0564,72654.6956,194653.7884,86335.2545,326785.7387,901778.9625,0.87,0.266,Afrique du Nord,200980251.00000003
60,5103,Afrique du Nord,Afrique,2008,170264.8343,8975.6051,28641.742000000002,-38208.6541,51739.6238,75492.1435,229101.3865,88146.1325,332538.2117,946691.0253,1.03,0.266,Afrique du Nord,204643088.00000003
61,5103,Afrique du Nord,Afrique,2009,168744.3054,10723.9444,29003.9741,-38386.6968,54702.1074,68492.1973,311383.0207,107822.9086,329014.6862,1041500.4473,1.095,0.266,Afrique du Nord,208457535.0
62,5103,Afrique du Nord,Afrique,2010,163441.0912,12275.4233,29379.9023,-38567.0047,60480.3465,73607.6339,229722.9232,105713.5546,338798.6776,974852.5479000001,1.8659999999999999,0.266,Afrique du Nord,212448637.0
63,5104,Afrique du Sud,Afrique,1990,48554.3405,2462.8763,9793.2083,-18386.9964,12434.2128,17789.7808,75476.8843,31005.9887,239990.2601,419120.5554,0.474,0.256,Afrique du Sud,42046337.0
64,5104,Afrique du Sud,Afrique,1991,48394.1694,2287.356,10017.0163,-18515.5768,11805.4763,18595.2798,75605.4647,31050.3848,234594.40899999999,413833.9795,0.266,0.256,Afrique du Sud,43109465.0
65,5104,Afrique du Sud,Afrique,1992,47475.4138,2714.3797,10152.4635,-18646.4663,12596.8529,18502.5795,75736.3542,31527.4823,240769.6304,420828.69,0.733,0.256,Afrique du Sud,44202397.00000001
66,5104,Afrique du Sud,Afrique,1993,46606.5033,2225.8733,10543.284,-18779.7234,13733.9056,23779.3438,75869.6113,31747.4445,231606.392,417332.6344,0.684,0.256,Afrique du Sud,45297903.0
67,5104,Afrique du Sud,Afrique,1994,46217.8279,2394.2915,10882.54,-18915.4091,14886.976999999999,23519.5865,76005.297,32909.811,237504.7433,425405.6651,0.115,0.256,Afrique du Sud,46358884.00000001
68,5104,Afrique du Sud,Afrique,1995,46625.2761,2515.6773,10881.6515,-19053.5865,15021.5402,22432.1335,76143.4744,36813.7929,249877.9299,441257.8893,0.615,0.256,Afrique du Sud,47358236.0
69,5104,Afrique du Sud,Afrique,1996,49325.4866,2436.2871,11502.5327,-19194.321,17214.4693,20183.6476,88228.641,36513.3408,260707.5195,466917.60360000003,-0.055999999999999994,0.256,Afrique du Sud,48288918.0
70,5104,Afrique du Sud,Afrique,1997,48923.7277,2479.1556,11596.2619,-19337.6806,19706.9724,20109.9978,99047.2465,37490.3116,276160.86199999996,496176.8549,0.168,0.256,Afrique du Sud,49157388.0
71,5104,Afrique du Sud,Afrique,1998,49060.0357,2424.6138,12287.195,-19483.7357,18840.8639,17380.9789,110309.0119,38319.8645,288023.8783,517162.70629999996,0.747,0.256,Afrique du Sud,49967157.0
72,5104,Afrique du Sud,Afrique,1999,49095.7249,2389.494,12710.8539,-19632.5594,17696.4742,16023.6605,94229.7377,38647.1633,269103.0463,480263.5954,1.014,0.256,Afrique du Sud,50726505.0
73,5104,Afrique du Sud,Afrique,2000,49459.7332,2462.7853,12930.731000000002,-19784.2277,16763.7451,15067.241000000002,82211.601,38695.9226,276745.1777,474552.7092,0.25,0.256,Afrique du Sud,51443852.0
74,5104,Afrique du Sud,Afrique,2001,49276.1188,2535.2265,13417.3885,-18800.3447,16261.1956,21548.0797,63040.2699,39098.094,257168.49899999998,443544.52729999996,0.42,0.256,Afrique du Sud,52118973.0
75,5104,Afrique du Sud,Afrique,2002,48230.2374,2638.2659999999996,13655.8629,-18961.5715,17621.0439,24629.7826,138679.5034,40441.6513,266246.9256,533181.7016,0.33799999999999997,0.256,Afrique du Sud,52755965.99999999
76,5104,Afrique du Sud,Afrique,2003,42065.0064,2518.1322,13888.2855,-19125.9642,18663.1204,26699.8543,76497.8182,42015.7146,291959.2499,495181.2173,0.37200000000000005,0.256,Afrique du Sud,53373861.0
77,5104,Afrique du Sud,Afrique,2004,42178.4675,2627.1561,14179.2106,-19293.6133,19948.69,29466.3792,55666.127,45632.0765,308012.978,498417.4716,0.564,0.256,Afrique du Sud,53997108.0
78,5104,Afrique du Sud,Afrique,2005,44780.5417,2645.7573,14412.1355,-19464.6133,19534.1728,30430.5464,80200.0155,47099.827000000005,307724.8057,527363.1886,1.028,0.256,Afrique du Sud,54644692.0
79,5104,Afrique du Sud,Afrique,2006,46840.3084,2289.7476,14677.4361,-18046.2966,20030.8846,32898.4622,61170.1149,48369.5129,305916.8065,514146.97660000005,0.10800000000000001,0.256,Afrique du Sud,55322715.0
80,5104,Afrique du Sud,Afrique,2007,44557.0723,2392.9779,14869.3643,-18216.7211,20450.4143,30337.3915,83312.6131,50749.6471,316513.0856,544965.845,0.569,0.256,Afrique du Sud,56031306.0
81,5104,Afrique du Sud,Afrique,2008,50661.0269,2283.715,15146.8536,-18390.6467,19025.085,33471.9548,61679.5559,55132.7713,304432.1292,523442.44500000007,0.47700000000000004,0.256,Afrique du Sud,56775578.0
82,5104,Afrique du Sud,Afrique,2009,46470.1891,2191.5576,15241.2912,-18568.1796,18063.5305,32515.6223,47865.0078,54120.4851,287116.7691,485016.2731,0.575,0.256,Afrique du Sud,57559151.0
83,5104,Afrique du Sud,Afrique,2010,54513.7861,2153.5944,15164.8954,-18749.4302,19663.6916,17392.0331,48140.0334,42672.7414,296632.0616,477583.4068,0.66,0.256,Afrique du Sud,58383361.0
84,5105,Afrique de l'Ouest,Afrique,1990,109033.2075,3605.3016,20059.6832,13460.8558,5426.0486,18841.1833,288356.9346,18269.8315,90869.5537,567922.5998,0.35700000000000004,0.301,Afrique de l'Ouest,180535011.00000003
85,5105,Afrique de l'Ouest,Afrique,1991,111914.2051,2626.3256,20782.75,13658.3593,5691.1078,18809.3008,288159.4311,21367.5701,97677.0082,580686.0580000001,0.401,0.301,Afrique de l'Ouest,185334386.00000003
86,5105,Afrique de l'Ouest,Afrique,1992,113315.3899,3329.8314,21553.1734,13865.3198,5791.9874,20374.3618,287952.4706,25508.2292,107281.6933,598972.4568,-0.006,0.301,Afrique de l'Ouest,190227587.0
87,5105,Afrique de l'Ouest,Afrique,1993,115913.7218,2969.3988,22342.266,14082.4435,5652.9069,20264.1451,287735.3469,22829.4613,110375.8144,602165.5047,0.43799999999999994,0.301,Afrique de l'Ouest,195234763.0
88,5105,Afrique de l'Ouest,Afrique,1994,118630.6345,2874.7027,23055.7246,14310.508999999998,4297.2321,20405.0228,287507.2814,19847.0128,102919.4105,593847.5304,0.098,0.301,Afrique de l'Ouest,200382670.0
89,5105,Afrique de l'Ouest,Afrique,1995,120603.5649,3319.717,23910.3647,14550.377,4339.1295,21635.026,287267.4135,19651.1526,110732.2583,606009.0035000001,0.341,0.301,Afrique de l'Ouest,205691819.0
90,5105,Afrique de l'Ouest,Afrique,1996,122740.4335,3275.9871,24728.9976,14803.0013,5155.89,22365.7813,287733.4403,22051.8372,129542.7623,632398.1306,0.7120000000000001,0.301,Afrique de l'Ouest,211175746.0
91,5105,Afrique de l'Ouest,Afrique,1997,126768.925,3338.1966,25586.4297,15069.4421,5300.4899,22661.1314,286870.2427,21903.5346,122125.8136,629624.2056,0.7090000000000001,0.301,Afrique de l'Ouest,216834508.0
92,5105,Afrique de l'Ouest,Afrique,1998,133795.4151,3286.2054,26518.9019,15350.881000000001,4927.6502,22267.4275,295204.7737,25450.5604,114184.7254,640986.5406,1.103,0.301,Afrique de l'Ouest,222658943.0
93,5105,Afrique de l'Ouest,Afrique,1999,135699.3797,3155.5959999999995,27438.1709,15648.639,5199.68,23826.3036,293047.2783,28921.4865,112042.9485,644979.4824999999,0.46,0.301,Afrique de l'Ouest,228633077.0
94,5105,Afrique de l'Ouest,Afrique,2000,140353.6777,3478.1807,28297.8808,15964.1977,5164.2385,23736.6466,289783.1073,30659.457000000002,122311.1158,659748.5021,0.466,0.301,Afrique de l'Ouest,234748622.0
95,5105,Afrique de l'Ouest,Afrique,2001,145404.9435,3757.5956,29166.3095,-14126.9298,6158.9468,24814.6168,286481.7486,33216.7047,123665.3619,638539.2975999999,0.402,0.301,Afrique de l'Ouest,241003264.0
96,5105,Afrique de l'Ouest,Afrique,2002,146513.3936,3439.7136,30096.7633,-15050.8666,6087.2373,24236.0394,281053.7378,36180.4583,110022.9054,622579.3821,0.9420000000000001,0.301,Afrique de l'Ouest,247412224.0
97,5105,Afrique de l'Ouest,Afrique,2003,150591.0504,2719.0681,31066.8212,-16035.7462,6101.8754,23335.0613,282267.3229,37063.4217,120725.0379,637833.9127,0.904,0.301,Afrique de l'Ouest,254005674.0
98,5105,Afrique de l'Ouest,Afrique,2004,154219.5878,2913.9482,32023.8934,-17087.8347,6538.0392,22191.3101,285097.3756,34972.668,123148.2375,644017.2251,0.778,0.301,Afrique de l'Ouest,260823405.0
99,5105,Afrique de l'Ouest,Afrique,2005,165550.0527,3298.2676,32975.3793,-18214.2887,6935.9224,24088.9328,287938.4988,39227.6621,121428.81800000001,663229.245,1.063,0.301,Afrique de l'Ouest,267894648.0
100,5105,Afrique de l'Ouest,Afrique,2006,165410.9139,5786.3887,33956.9587,-32876.2386,7918.5509999999995,23751.0758,298169.1308,35623.0924,116825.8904,654565.7631,0.991,0.301,Afrique de l'Ouest,275232087.0
101,5105,Afrique de l'Ouest,Afrique,2007,163309.3171,9173.961,33554.8153,-33177.7494,8643.0381,23188.5936,296493.9549,34770.1425,112637.9972,648594.0703,0.782,0.301,Afrique de l'Ouest,282830136.0
102,5105,Afrique de l'Ouest,Afrique,2008,169019.1528,10635.1628,33716.097,-33504.2305,8875.2002,24762.0613,292676.9663,41516.4868,113509.5641,661206.4607999999,0.5670000000000001,0.301,Afrique de l'Ouest,290676968.0
103,5105,Afrique de l'Ouest,Afrique,2009,167549.9382,14359.6195,33993.5721,-33858.8108,8226.741,25125.3869,288264.1878,41344.2402,98656.4344,643661.3093000001,1.0170000000000001,0.301,Afrique de l'Ouest,298752065.0
104,5105,Afrique de l'Ouest,Afrique,2010,176066.0177,10044.1842,34344.1188,-34245.1623,8936.2902,25138.1552,290680.0756,32763.1247,104095.2617,647822.0658,1.484,0.301,Afrique de l'Ouest,307040440.0
105,5203,Am√©rique Nordique,Amerique du Nord et Centrale,1990,383685.0741,37131.4137,237738.5542,-597111.4922,331561.8777,710246.8983,361813.6953,1562528.0254,3340081.2991,6367675.3456,0.431,0.40299999999999997,Am√©rique Nordique,279785258.99999994
106,5203,Am√©rique Nordique,Amerique du Nord et Centrale,1991,383864.9525,36269.227999999996,233598.4882,-597631.1532,331944.7622,717388.1509,362333.3563,1531236.6741,3325309.9749,6324314.4339000005,0.41600000000000004,0.40299999999999997,Am√©rique Nordique,282552418.0
107,5203,Am√©rique Nordique,Amerique du Nord et Centrale,1992,392451.3502,35839.4675,229796.8134,-598150.4416,338525.9156,713646.6619,362852.6447,1566874.3913,3390768.9458,6432605.7488,0.209,0.40299999999999997,Am√©rique Nordique,285339703.99999994
108,5203,Am√©rique Nordique,Amerique du Nord et Centrale,1993,397042.1035,36242.06,224785.8809,-598669.3578,341869.6824,733104.0746,363371.5609,1592628.3126,3484411.3103,6574785.6274,0.091,0.40299999999999997,Am√©rique Nordique,288205122.0
109,5203,Am√©rique Nordique,Amerique du Nord et Centrale,1994,401766.0478,37876.0559,219631.5033,-599187.9022,357745.3919,725238.7373,363890.1053,1652166.4908,3522028.9852,6681155.4153,0.516,0.40299999999999997,Am√©rique Nordique,291227258.00000006
110,5203,Am√©rique Nordique,Amerique du Nord et Centrale,1995,406260.0236,37235.8633,209753.8483,-599706.0752,371154.1911,730647.4094,364408.2783,1687081.0404,3489933.5835,6696768.162700001,0.7859999999999999,0.40299999999999997,Am√©rique Nordique,294453542.0
111,5203,Am√©rique Nordique,Amerique du Nord et Centrale,1996,412662.6931,35974.9995,201872.7517,-600223.8772,387884.3501,774296.8411,333824.541,1730173.1827,3604101.8019999997,6880567.284,-0.042,0.40299999999999997,Am√©rique Nordique,297918807.0
112,5203,Am√©rique Nordique,Amerique du Nord et Centrale,1997,408209.1543,36394.219,191342.57,-600741.3086,395774.3087,755550.2967,300980.32,1759781.7651,3750353.7574,6997645.082599999,0.41600000000000004,0.40299999999999997,Am√©rique Nordique,301582347.0
113,5203,Am√©rique Nordique,Amerique du Nord et Centrale,1998,410091.4147,38680.8675,182221.5517,-601258.3697,401865.3161,691620.9366,406858.7585,1800967.8533,3849103.9751,7180152.3038,1.824,0.40299999999999997,Am√©rique Nordique,305324062.0
114,5203,Am√©rique Nordique,Amerique du Nord et Centrale,1999,407160.2903,37686.8654,176905.4768,-601775.0611,419118.7624,711739.3278,363266.2065,1850870.5331,3824652.9075,7189625.308700001,1.206,0.40299999999999997,Am√©rique Nordique,308977740.0
115,5203,Am√©rique Nordique,Amerique du Nord et Centrale,2000,398376.8305,37075.067,170886.0291,-602291.3831,414669.7675,751525.2781,309130.0395,1879484.6862,3937508.2421,7296364.5569,1.133,0.40299999999999997,Am√©rique Nordique,312426773.0
116,5203,Am√©rique Nordique,Amerique du Nord et Centrale,2001,398550.1709,35482.9795,165729.1906,-403824.7021,403397.3422,733092.6803,252118.5882,1877379.9935,3853027.7132,7314953.956300001,1.038,0.40299999999999997,Am√©rique Nordique,315615973.0
117,5203,Am√©rique Nordique,Amerique du Nord et Centrale,2002,399837.177,35012.047999999995,167973.2021,-403730.1203,430790.3168,735015.9671,334436.7339,1933565.4038,3859692.7198,7492593.4482,0.736,0.40299999999999997,Am√©rique Nordique,318585955.0
118,5203,Am√©rique Nordique,Amerique du Nord et Centrale,2003,404099.2301,35160.8636,174118.363,-403635.1553,440890.0918,759678.7413,345479.8456,1955765.5661,3881973.0281,7593530.5743,1.127,0.40299999999999997,Am√©rique Nordique,321432409.0
119,5203,Am√©rique Nordique,Amerique du Nord et Centrale,2004,407309.2788,34639.1995,172445.6093,-403539.8077,467892.0596,754678.3692,359617.91,1977368.4977,3902793.0932,7673204.2096,0.7240000000000001,0.40299999999999997,Am√©rique Nordique,324299279.0
120,5203,Am√©rique Nordique,Amerique du Nord et Centrale,2005,408013.9623,33444.8202,174605.8837,-403444.0782,484417.1362,734674.7445,335856.9753,1995748.8229,3897183.4269999997,7660501.6939,1.262,0.40299999999999997,Am√©rique Nordique,327287151.0
121,5203,Am√©rique Nordique,Amerique du Nord et Centrale,2006,407605.9332,32116.678,176636.56100000002,-464393.5037,505281.6108,677711.7756,297251.2694,1988802.6497,3845109.0322,7466122.0062,1.6640000000000001,0.40299999999999997,Am√©rique Nordique,330425331.0
122,5203,Am√©rique Nordique,Amerique du Nord et Centrale,2007,414095.1442,32148.1505,175760.3091,-464251.1491,527820.2575,709752.8496,378715.6397,1989388.0811,3922937.7667,7686367.0493,1.183,0.40299999999999997,Am√©rique Nordique,333668500.0
123,5203,Am√©rique Nordique,Amerique du Nord et Centrale,2008,411006.7098,29824.1338,175700.9534,-464108.7497,530845.3839,716250.8698,274741.6904,1877698.2778,3845845.6162,7397804.8854,0.531,0.40299999999999997,Am√©rique Nordique,336952716.0
124,5203,Am√©rique Nordique,Amerique du Nord et Centrale,2009,403687.274,29250.6107,164786.6909,-463966.3055,526670.7644,695910.0956,260010.23899999997,1808715.5886,3503319.8308,6928384.7885,0.397,0.40299999999999997,Am√©rique Nordique,340182402.0
125,5203,Am√©rique Nordique,Amerique du Nord et Centrale,2010,406237.3258,28998.0291,163382.3023,-463823.8165,579941.7907,687587.3349,315087.2293,1824304.5578,3675136.3611,7216851.114499999,1.7269999999999999,0.40299999999999997,Am√©rique Nordique,343287419.0
126,5204,Am√©rique Centrale,Amerique du Nord et Centrale,1990,107142.0368,3704.3097,20713.4905,-10008.8833,28655.475,34993.1819,136429.3146,94888.1021,204842.6258,621359.6531,0.373,0.21899999999999997,Am√©rique Centrale,113383693.00000001
127,5204,Am√©rique Centrale,Amerique du Nord et Centrale,1991,104041.5222,4050.5127,21245.5902,-10053.6709,29010.7651,36171.5035,136474.1022,101827.9814,199043.5961,621811.9025,0.264,0.21899999999999997,Am√©rique Centrale,115620580.99999999
128,5204,Am√©rique Centrale,Amerique du Nord et Centrale,1992,103715.4874,4017.0592,21669.6286,-10099.3272,28804.0771,38576.1163,136519.7585,104730.2399,199254.0146,627187.0544,0.078,0.21899999999999997,Am√©rique Centrale,117865993.0
129,5204,Am√©rique Centrale,Amerique du Nord et Centrale,1993,104672.0144,4194.6140000000005,22038.1072,-10145.8869,29239.607000000004,39390.5121,136566.3182,109145.3923,192119.9684,627220.6466999999,0.28800000000000003,0.21899999999999997,Am√©rique Centrale,120111018.00000001
130,5204,Am√©rique Centrale,Amerique du Nord et Centrale,1994,104404.7707,4258.0181,22570.4532,-10193.3868,31567.6423,40060.5064,136613.8181,111690.8924,210136.5231,651109.2375,0.607,0.21899999999999997,Am√©rique Centrale,122343212.0
131,5204,Am√©rique Centrale,Amerique du Nord et Centrale,1995,101589.6984,4184.7566,23030.0686,-10241.8664,29380.2285,40682.1445,136662.2977,109044.2676,214508.0368,648839.6322999999,0.792,0.21899999999999997,Am√©rique Centrale,124553738.00000001
132,5204,Am√©rique Centrale,Amerique du Nord et Centrale,1996,101371.8592,4118.2023,23719.726000000002,-10291.3679,30954.3535,40356.0313,135952.1778,106338.8559,224844.3906,657364.2287000001,0.608,0.21899999999999997,Am√©rique Centrale,126742360.0
133,5204,Am√©rique Centrale,Amerique du Nord et Centrale,1997,103641.2689,4039.9204,24180.1295,-10341.9366,30159.9253,41031.0583,136144.8218,108939.2109,239689.2829,677483.6814,0.525,0.21899999999999997,Am√©rique Centrale,128912722.0
134,5204,Am√©rique Centrale,Amerique du Nord et Centrale,1998,104806.6994,7632.5349,24746.3388,-10393.6213,29784.4872,42294.4793,146581.913,113582.9393,262799.2928,721835.0634000001,0.89,0.21899999999999997,Am√©rique Centrale,131065087.0
135,5204,Am√©rique Centrale,Amerique du Nord et Centrale,1999,103717.0393,4254.4431,25418.2583,-10446.4746,29821.4409,38224.1606,139571.1111,114047.2124,256182.6424,700789.8335000001,0.575,0.21899999999999997,Am√©rique Centrale,133200685.99999999
136,5204,Am√©rique Centrale,Amerique du Nord et Centrale,2000,104797.6588,5826.451,25833.272,-10500.5534,29554.4401,41052.1494,140647.8519,122926.1151,254608.0306,714745.4155,0.609,0.21899999999999997,Am√©rique Centrale,135322350.0
137,5204,Am√©rique Centrale,Amerique du Nord et Centrale,2001,105851.4332,4410.5812,26454.3658,-7162.6791,27938.8219,40681.093,106575.273,125241.4599,259349.5297,689339.8786,0.5429999999999999,0.21899999999999997,Am√©rique Centrale,137426168.0
138,5204,Am√©rique Centrale,Amerique du Nord et Centrale,2002,103905.1584,4520.7577,26986.6016,-7140.4118,28395.4752,40778.2208,106517.3416,127940.2541,266474.3779,698377.7755,0.722,0.21899999999999997,Am√©rique Centrale,139516826.0
139,5204,Am√©rique Centrale,Amerique du Nord et Centrale,2003,105746.724,5452.6146,27528.5724,-7117.5668,29336.2673,40570.5517,115558.0232,135872.4808,264693.6948,717641.362,0.868,0.21899999999999997,Am√©rique Centrale,141616538.0
140,5204,Am√©rique Centrale,Amerique du Nord et Centrale,2004,105502.9779,4299.0336,27906.4807,-7094.1143,30776.7322,41367.4901,106146.4186,141616.0727,268564.1359,719085.2274,0.39799999999999996,0.21899999999999997,Am√©rique Centrale,143754557.0
141,5204,Am√©rique Centrale,Amerique du Nord et Centrale,2005,108699.445,4767.2641,28208.783,-7070.0221,32005.1541,40417.2967,113336.0788,148556.9923,286126.3019,755047.2938000001,0.703,0.21899999999999997,Am√©rique Centrale,145950548.0
142,5204,Am√©rique Centrale,Amerique du Nord et Centrale,2006,108075.4071,4294.1787,28637.4326,-15189.9871,33800.753,41837.4821,107839.4614,158070.61800000002,293882.0308,761247.3766000001,0.857,0.21899999999999997,Am√©rique Centrale,148213041.0
143,5204,Am√©rique Centrale,Amerique du Nord et Centrale,2007,109845.3699,4503.2877,28567.6086,-15140.1388,35412.2296,40653.6686,109531.1046,167320.8489,305667.6856,786361.6647000001,0.423,0.21899999999999997,Am√©rique Centrale,150532540.0
144,5204,Am√©rique Centrale,Amerique du Nord et Centrale,2008,109720.663,4609.2776,28720.1734,-15089.2483,38704.7048,40708.0418,108449.3946,168697.9423,298416.993,782937.9422,0.462,0.21899999999999997,Am√©rique Centrale,152888001.99999997
145,5204,Am√©rique Centrale,Amerique du Nord et Centrale,2009,112026.8229,4482.7571,28201.4424,-15037.2836,49097.6358,39427.541,108792.558,165641.0951,302664.7177,795297.2864000001,0.9490000000000001,0.21899999999999997,Am√©rique Centrale,155248747.0
146,5204,Am√©rique Centrale,Amerique du Nord et Centrale,2010,113127.2535,4502.5742,27635.3183,-14984.2114,62638.441,41071.8224,106125.2674,170423.1477,316841.9468,827381.5599,0.401,0.21899999999999997,Am√©rique Centrale,157591319.00000003
147,5206,Cara√Øbes,Amerique du Nord et Centrale,1990,23827.7814,1227.2265,7589.2447,-48028.3138,8990.04,15813.8341,2205.2198,12446.0027,41662.7611,65733.7965,0.74,0.261,Cara√Øbes,34058163.0
148,5206,Cara√Øbes,Amerique du Nord et Centrale,1991,24045.1501,1172.5,7736.7616,-48034.4543,8293.9984,14632.7964,2211.3603,11052.1312,39225.4072,60335.6509,0.768,0.261,Cara√Øbes,34496466.0
149,5206,Cara√Øbes,Amerique du Nord et Centrale,1992,24179.817000000003,1114.0967,7867.0034,-48040.4268,7981.7144,12443.8602,2217.3328,10461.1273,41820.3413,60044.86630000001,0.35,0.261,Cara√Øbes,34923928.0
150,5206,Cara√Øbes,Amerique du Nord et Centrale,1993,22690.5415,1040.9346,7890.2129,-48046.2423,7609.0871,10623.1312,2223.1483,9920.5284,42184.7358,56136.0775,0.142,0.261,Cara√Øbes,35342142.0
151,5206,Cara√Øbes,Amerique du Nord et Centrale,1994,22900.8399,1093.0878,8103.1953,-48051.9114,8462.6459,11311.5177,2228.8174,10598.3316,44625.9165,61272.4407,0.6990000000000001,0.261,Cara√Øbes,35754239.0
152,5206,Cara√Øbes,Amerique du Nord et Centrale,1995,22526.7917,1172.7441,8209.8324,-48057.4441,8850.2557,10708.969,2234.3501,11938.5216,47169.6376,64753.6581,0.705,0.261,Cara√Øbes,36162215.0
153,5206,Cara√Øbes,Amerique du Nord et Centrale,1996,23247.023999999998,1218.7482,8490.9991,-48062.8501,9729.3267,11733.1005,2232.5561,12818.9298,48420.14,69827.9743,0.319,0.261,Cara√Øbes,36566481.0
154,5206,Cara√Øbes,Amerique du Nord et Centrale,1997,23510.3852,1293.8826,8636.013,-48068.1387,9809.5883,11081.0265,2250.3142,14725.1498,51438.3701,74676.591,0.873,0.261,Cara√Øbes,36965468.0
155,5206,Cara√Øbes,Amerique du Nord et Centrale,1998,23447.4791,1276.0077,8863.4866,-48073.3189,11308.21,10549.2103,2290.4275,16004.9729,56405.4465,82071.9217,0.9259999999999999,0.261,Cara√Øbes,37356519.0
156,5206,Cara√Øbes,Amerique du Nord et Centrale,1999,22225.5513,1298.3042,9115.0566,-48078.3998,12719.4867,11195.5213,2312.8703,16720.9578,56620.2302,84129.5786,0.71,0.261,Cara√Øbes,37736167.0
157,5206,Cara√Øbes,Amerique du Nord et Centrale,2000,22200.092999999997,1283.0153,9312.2028,-48083.3902,12982.1888,11996.5356,2374.0543,17396.6824,58083.8543,87545.23629999999,0.6729999999999999,0.261,Cara√Øbes,38102071.0
158,5206,Cara√Øbes,Amerique du Nord et Centrale,2001,22553.1767,1241.9751,9506.1908,-44141.6594,13674.9126,11557.3628,1936.0584,16814.8795,59088.9079,92231.8044,0.508,0.261,Cara√Øbes,38453505.0
159,5206,Cara√Øbes,Amerique du Nord et Centrale,2002,22780.1604,1358.6258,9695.4944,-44144.5003,14837.5275,11698.5963,1922.6729999999998,18176.2437,64387.1278,100711.9486,0.81,0.261,Cara√Øbes,38791528.0
160,5206,Cara√Øbes,Amerique du Nord et Centrale,2003,22371.7449,1211.7444,9849.3033,-44147.4097,15900.3946,11717.1016,1911.5853,16687.3362,68914.9449,104416.7455,1.04,0.261,Cara√Øbes,39117896.0
161,5206,Cara√Øbes,Amerique du Nord et Centrale,2004,22496.327999999998,1216.2156,10030.0246,-44150.3908,17009.1059,12866.2386,2083.0334,16597.0977,73639.8807,111787.53369999999,0.9540000000000001,0.261,Cara√Øbes,39435294.0
162,5206,Cara√Øbes,Amerique du Nord et Centrale,2005,21521.2106,1149.5311,10179.4797,-44153.4471,20104.4989,12415.1944,2284.9093,16978.3545,74723.2479,115202.9793,1.177,0.261,Cara√Øbes,39745829.0
163,5206,Cara√Øbes,Amerique du Nord et Centrale,2006,21819.1129,1164.7016,10343.845,32850.075,21208.1197,13714.0431,2150.4425,17875.7894,82164.9999,203291.1291,0.767,0.261,Cara√Øbes,40048872.0
164,5206,Cara√Øbes,Amerique du Nord et Centrale,2007,22607.0123,1195.9377,10531.2774,32852.9813,21724.9055,14839.0421,2114.3838,18579.576,82471.32400000001,206916.4401,0.965,0.261,Cara√Øbes,40344297.0
165,5206,Cara√Øbes,Amerique du Nord et Centrale,2008,23070.5092,1240.4251,10750.3294,32855.9158,22005.0858,14545.685,2215.5266,18837.3585,89303.3268,214824.1622,0.542,0.261,Cara√Øbes,40635189.0
166,5206,Cara√Øbes,Amerique du Nord et Centrale,2009,23600.2,1342.8564,10966.3528,32858.879,20954.8913,12260.8433,2275.3486,18518.2835,102905.5351,225683.19,0.8340000000000001,0.261,Cara√Øbes,40925481.0
167,5206,Cara√Øbes,Amerique du Nord et Centrale,2010,23852.6342,1341.1908,11078.535,32861.8714,21520.6439,12001.4838,2158.6057,18702.8641,101266.8184,224784.6473,0.428,0.261,Cara√Øbes,41217360.0
168,5207,Am√©rique du Sud,Amerique du Sud,1990,577430.7043,12704.6795,70925.7172,-400354.21200000006,64327.8328,82541.982,1846355.3397,183856.7631,352162.5457,2789951.3523,0.396,0.207,Am√©rique du Sud,295398205.0
169,5207,Am√©rique du Sud,Amerique du Sud,1991,586890.3056,12006.5344,72823.7428,-402076.2901,66903.4224,82243.293,1848077.4178,192031.671,354307.9501,2813208.0470000003,0.467,0.207,Am√©rique du Sud,300829453.99999994
170,5207,Am√©rique du Sud,Amerique du Sud,1992,596956.0781,12977.9583,74902.66900000001,-403818.2731,64890.1952,85568.7722,1849819.4008,196689.6506,361853.4106,2839839.8617,0.384,0.207,Am√©rique du Sud,306228619.0
171,5207,Am√©rique du Sud,Amerique du Sud,1993,600829.0809,14209.3313,78107.7601,-405580.5464,67484.0751,89718.5617,1851581.6742,208135.3828,372197.6546,2876682.9743,0.425,0.207,Am√©rique du Sud,311601616.00000006
172,5207,Am√©rique du Sud,Amerique du Sud,1994,614330.0102,10011.3691,80703.4599,-407363.5064,67619.866,94988.8882,1853364.6341,216673.2876,383988.37,2914316.3787,0.5479999999999999,0.207,Am√©rique du Sud,316958269.0
173,5207,Am√©rique du Sud,Amerique du Sud,1995,622039.7753,11507.203000000001,83113.6346,-409167.5607,70736.7812,96472.34800000001,1855168.6884,235532.4629,403798.3061,2969201.6388000003,0.635,0.207,Am√©rique du Sud,322302312.0
174,5207,Am√©rique du Sud,Amerique du Sud,1996,609111.4717,12402.1106,85005.7043,-410993.1288,71809.0228,100832.2491,1853884.4386,252627.6361,436625.5857,3011305.0901,0.409,0.207,Am√©rique du Sud,327635144.0
175,5207,Am√©rique du Sud,Amerique du Sud,1997,615932.1534,12734.2384,87629.7922,-412840.6427,74750.036,98803.9541,1859684.7751,261210.4237,470013.5047,3067918.2349,0.745,0.207,Am√©rique du Sud,332943512.0
176,5207,Am√©rique du Sud,Amerique du Sud,1998,624997.2281,14622.1504,88673.9875,-414710.5468,76748.3482,96562.6214,1880677.5719,273360.1287,494551.0939,3135482.5833,1.014,0.207,Am√©rique du Sud,338199102.99999994
177,5207,Am√©rique du Sud,Amerique du Sud,1999,629334.9747,14191.006000000001,90956.5195,-416603.2992,75036.5072,102278.4591,1874711.4588,267802.9117,485350.9688,3123059.5066,0.42,0.207,Am√©rique du Sud,343364542.0
178,5207,Am√©rique du Sud,Amerique du Sud,2000,634476.2455,10552.6323,93873.7291,-418519.3715,79364.8172,100168.9038,1846146.6666,272151.1046,509370.9632,3127585.6908000004,0.309,0.207,Am√©rique du Sud,348411883.0
179,5207,Am√©rique du Sud,Amerique du Sud,2001,653264.6573,12364.3835,95165.85800000001,-343839.0839,75436.2616,100222.1692,2039110.2738,272680.9985,507326.3392,3411731.8572,0.649,0.207,Am√©rique du Sud,353333532.0
180,5207,Am√©rique du Sud,Amerique du Sud,2002,675795.6331,12701.5369,97046.9217,-345646.5564,70660.9123,99039.1331,2041797.4924,267738.8095,501355.8648,3420489.7474,0.8390000000000001,0.207,Am√©rique du Sud,358133209.0
181,5207,Am√©rique du Sud,Amerique du Sud,2003,709082.8938,13123.101,98758.65800000001,-347480.5568,71831.3738,97568.1192,2064521.7317,264531.1866,503920.581,3475857.0883,0.7859999999999999,0.207,Am√©rique du Sud,362809703.0
182,5207,Am√©rique du Sud,Amerique du Sud,2004,727677.9646,17330.321,102665.3767,-349341.739,75191.0986,101554.3831,2073248.759,283527.7921,546968.4216,3578822.3777,0.7090000000000001,0.207,Am√©rique du Sud,367365317.00000006
183,5207,Am√©rique du Sud,Amerique du Sud,2005,736297.288,17464.2281,101225.023,-351230.7811,77555.7235,102735.5248,2081100.2973,289733.4032,560640.5499,3615521.2567,0.867,0.207,Am√©rique du Sud,371804655.0
184,5207,Am√©rique du Sud,Amerique du Sud,2006,733424.171,9396.5887,103916.84599999999,-506837.6833,82743.8269,104331.524,1629802.8867,302105.5024,572076.3035,3030959.9659,0.8079999999999999,0.207,Am√©rique du Sud,376122787.0
185,5207,Am√©rique du Sud,Amerique du Sud,2007,747896.0447,10002.8937,102714.2067,-508669.6308,90231.4173,106466.2112,1653800.2247,313767.8282,594415.6416,3110624.8373,0.599,0.207,Am√©rique du Sud,380325060.0
186,5207,Am√©rique du Sud,Amerique du Sud,2008,738074.5666,10190.912,102131.0292,-510528.4079,93147.95599999999,108892.5408,1629672.7264,325208.5204,613590.1759,3110380.0194,0.591,0.207,Am√©rique du Sud,384439482.0
187,5207,Am√©rique du Sud,Amerique du Sud,2009,739161.0082,10648.5695,102835.0533,-512414.7968,88982.8095,108899.0299,1622262.095,321635.8742,586223.5888,3068233.2316,0.815,0.207,Am√©rique du Sud,388503339.0
188,5207,Am√©rique du Sud,Amerique du Sud,2010,759098.0756,15237.9714,103426.0833,-514329.6167,95986.8387,112721.3565,1671124.2668,347661.5912,655808.6527,3246735.2195,0.887,0.207,Am√©rique du Sud,392543709.0
189,5301,Asie Centrale,Asie,1992,59591.7773,2669.4068,9052.2538,-5571.6878,29335.9913,126072.9535,1447.6057,29204.119,338297.1074,590099.527,0.223,0.0,Asie Centrale,51534455.0
190,5301,Asie Centrale,Asie,1993,59009.435999999994,2820.4531,9195.8704,-5575.81,25075.9688,109866.2908,1455.2914,25428.7003,313652.5796,540928.7803999999,-0.312,0.0,Asie Centrale,52131078.0
191,5301,Asie Centrale,Asie,1994,57690.6405,2428.5737,9328.5264,-5579.8948,18668.3736,103439.4484,1462.912,20466.9498,284336.9274,492242.457,0.021,0.0,Asie Centrale,52671500.0
192,5301,Asie Centrale,Asie,1995,52267.6197,1711.9260000000002,9421.2162,-5583.943,17747.4922,83726.5238,1470.4686,22254.7065,261893.1352,444909.1452,1.704,0.0,Asie Centrale,53169136.0
193,5301,Asie Centrale,Asie,1996,47598.7734,5410.4374,9606.2753,-5587.9554,16155.3285,78277.3413,1468.9167,23529.9333,243495.3084,419954.3589,-0.342,0.0,Asie Centrale,53625328.0
194,5301,Asie Centrale,Asie,1997,46442.5419,2418.8831,9710.24,-5591.9329,17352.5764,78339.4362,1718.6674,22400.75,219437.3318,392228.4939,1.847,0.0,Asie Centrale,54045657.99999999
195,5301,Asie Centrale,Asie,1998,42563.3622,1957.5771,9799.4863,-5595.8762,15506.9702,83268.7667,1509.165,24562.0975,235221.763,408793.3118,0.622,0.0,Asie Centrale,54453815.0
196,5301,Asie Centrale,Asie,1999,41611.7347,1348.2301,9923.0473,-5599.7861,17925.8571,85688.5838,1451.9470000000001,22566.8439,228237.9724,403154.4302,1.466,0.0,Asie Centrale,54879537.00000001
197,5301,Asie Centrale,Asie,2000,41801.5571,1712.7731,10136.5725,-5603.6635,15627.9558,85483.808,1494.2242,20931.5317,251667.4348,423252.19369999995,1.472,0.0,Asie Centrale,55345860.0
198,5301,Asie Centrale,Asie,2001,42496.4311,1885.8942,10384.9217,-9938.62,16369.4485,85805.5389,4804.584,20657.7473,261316.4151,433782.3608,1.694,0.0,Asie Centrale,55864200.0
199,5301,Asie Centrale,Asie,2002,46353.942,2834.1016,10723.3332,-9953.7709,17134.139,90430.2582,4628.1539,22436.4329,277935.2527,462521.84260000003,2.193,0.0,Asie Centrale,56435665.0
200,5301,Asie Centrale,Asie,2003,43952.3467,2085.1914,11063.8484,-9968.8814,18294.4006,93988.91699999999,4611.9971,22380.4562,295395.8147,481804.0907,0.22399999999999998,0.0,Asie Centrale,57059962.0
201,5301,Asie Centrale,Asie,2004,47626.1197,2089.8463,11359.9725,-9983.9528,20290.8846,92014.9551,4676.6963,27535.9657,303743.9496,499354.43700000003,2.185,0.0,Asie Centrale,57732417.0
202,5301,Asie Centrale,Asie,2005,49560.0494,1889.6952,11638.953000000001,-9998.9863,20814.286,96974.5216,4650.9582,26157.3384,307740.6716,509427.4871,1.5319999999999998,0.0,Asie Centrale,58449910.0
203,5301,Asie Centrale,Asie,2006,56585.6348,1852.6654,11872.0744,6047.0997,22671.807,103636.3022,7220.3252,27297.9168,329763.812,566947.6375,1.5659999999999998,0.0,Asie Centrale,59212418.0
204,5301,Asie Centrale,Asie,2007,53993.7857,1765.4674,12169.5306,6431.4496,23279.9298,112057.424,6883.4132,29249.0995,331357.1842,577187.284,2.094,0.0,Asie Centrale,60024020.0
205,5301,Asie Centrale,Asie,2008,57728.5395,1652.0132,12441.6832,6853.7288,23469.7244,120072.1759,6598.7223,31874.5224,347046.4797,607737.5893999999,1.345,0.0,Asie Centrale,60889780.99999999
206,5301,Asie Centrale,Asie,2009,58777.0003,1292.0177,12717.9942,7319.7444,22928.0591,103372.9107,5806.9222,30088.0008,313490.7104,555793.3598,1.24,0.0,Asie Centrale,61815890.0
207,5301,Asie Centrale,Asie,2010,63337.883,1767.6169,12989.09,7836.5525,23987.696,132167.9504,5545.8409,29881.9329,325790.26,603304.8226000001,1.546,0.0,Asie Centrale,62805087.99999999
208,5302,Asie de l'Est,Asie,1990,615609.6886,52467.077000000005,205471.4581,-443123.0036,448457.8007,873547.1038,53133.9877,405983.7308,2875395.5441,5086943.3872,0.951,0.285,Asie de l'Est,1393334798.0000002
209,5302,Asie de l'Est,Asie,1991,619485.6907,53095.5993,209619.0086,-443226.5834,479550.8159,868509.926,53237.5675,434215.0301,3012451.1012,5286938.1559,0.5770000000000001,0.285,Asie de l'Est,1410860001.9999998
210,5302,Asie de l'Est,Asie,1992,623032.5104,55234.9994,214230.3691,-443330.9597,523968.4603,834016.6838,53341.9438,455154.9947,3135373.1342,5451022.136,0.249,0.285,Asie de l'Est,1426166856.0
211,5302,Asie de l'Est,Asie,1993,605002.1799,55963.263,218975.1032,-443436.1654,567968.9593,856923.8428,53447.1495,486770.8502,3321944.9872,5723560.1697,0.29,0.285,Asie de l'Est,1439731747.0
212,5302,Asie de l'Est,Asie,1994,619929.2843,56343.6004,224075.2504,-443542.2355,608807.1975,829909.9279,53553.2196,497529.5196,3563841.2139999997,6010446.9782,0.85,0.285,Asie de l'Est,1452336532.0
213,5302,Asie de l'Est,Asie,1995,663341.1727,58523.2163,229200.7742,-443649.2074,705153.5799,876374.9844,53660.1915,527157.8184,3825250.1831,6495012.7131,0.7509999999999999,0.285,Asie de l'Est,1464564633.0000002
214,5302,Asie de l'Est,Asie,1996,685524.4147,58449.5217,234320.88600000003,-443757.1211,639322.814,889580.8258,53617.5239,545856.5243,4015550.9042,6678466.293500001,0.203,0.285,Asie de l'Est,1476529256.0
215,5302,Asie de l'Est,Asie,1997,672544.8642,58577.1319,239121.7252,-443866.019,658525.4956,824090.8723,59839.4456,567416.3344,4026777.8457,6663027.695900001,1.0170000000000001,0.285,Asie de l'Est,1488065384.0
216,5302,Asie de l'Est,Asie,1998,671243.4337,58892.8869,244473.0203,-443975.9468,641437.8835,738110.0932,54148.4526,579663.1477,4071486.7935,6615479.7646,1.381,0.285,Asie de l'Est,1499161015.9999998
217,5302,Asie de l'Est,Asie,1999,685721.9947,58704.4527,251013.4256,-444086.9532,669764.4273,766969.025,53299.819,605240.8555,3992789.1094,6639416.1559999995,1.3019999999999998,0.285,Asie de l'Est,1509745048.0000002
218,5302,Asie de l'Est,Asie,2000,672620.4842,59014.3792,256604.8078,-444199.0905,675094.8242,754183.958,56798.535,611702.6724,4035744.807,6677565.3773,0.665,0.285,Asie de l'Est,1519781309.0000002
219,5302,Asie de l'Est,Asie,2001,676673.6656,58869.4968,262030.3708,-435657.8525,705683.9098,758155.4112,52112.0753,620263.1214,4078872.4218,6777002.6202,1.179,0.285,Asie de l'Est,1529313795.0
220,5302,Asie de l'Est,Asie,2002,669756.8374,60167.5807,267296.5227,-435810.4131,743976.6585,776315.0941,53183.6027,634507.1862,4360274.8757,7129667.9449,1.215,0.285,Asie de l'Est,1538440501.0
221,5302,Asie de l'Est,Asie,2003,669905.2929,62639.5215,273131.5706,-435964.7306,825713.4496,790799.975,53829.5155,666477.6729,4944470.9531,7851003.2205,0.6779999999999999,0.285,Asie de l'Est,1547238612.0
222,5302,Asie de l'Est,Asie,2004,698327.4299,65531.1375,278966.8653,-436120.8925,901296.6713,823128.8196,51755.0691,698960.5927,5695939.9057,8777785.5986,1.192,0.285,Asie de l'Est,1555797785.9999998
223,5302,Asie de l'Est,Asie,2005,715470.1421,66981.8846,283738.4174,-436278.99299999996,970457.6732,855184.4683,50506.1377,722360.4089,6229991.0824,9458411.2216,0.856,0.285,Asie de l'Est,1564192305.0
224,5302,Asie de l'Est,Asie,2006,730003.2159,69002.564,289613.8802,-583391.9672,1075353.9986,853166.9743,42860.5114,752072.4199,6793148.6407,10021830.2378,1.025,0.285,Asie de l'Est,1572445279.0
225,5302,Asie de l'Est,Asie,2007,739708.1591,70874.8902,296144.0675,-583547.6209,1163776.3406,842943.1947,42111.5984,790127.3293,7256856.4434,10618994.4023,1.5290000000000001,0.285,Asie de l'Est,1580576647.0
226,5302,Asie de l'Est,Asie,2008,747099.391,74057.328,299278.1022,-583703.726,1193624.9086,865216.9735,43668.6882,765869.7606,8010143.2371,11415254.6632,1.004,0.285,Asie de l'Est,1588648773.0
227,5302,Asie de l'Est,Asie,2009,755870.3569,76282.8125,305147.2319,-583860.2736,1298674.2256,871900.2077,37705.2132,779782.8056,8324053.1764,11865555.7562,1.163,0.285,Asie de l'Est,1596729794.0
228,5302,Asie de l'Est,Asie,2010,763980.3971,78379.5833,311976.8804,-584017.2567,1421680.3108,912322.6237,36052.0683,828284.7117,8760535.0433,12529194.361899998,0.632,0.285,Asie de l'Est,1604859437.0
229,5303,Asie du Sud,Asie,1990,700546.1732,23165.6981,127075.0822,-73053.4325,58815.8564,209907.5292,117789.8776,141472.8965,665717.3324,1971437.0131,0.40399999999999997,0.293,Asie du Sud,1189861413.0
230,5303,Asie du Sud,Asie,1991,709165.0172,23569.0524,130853.0144,-73236.3618,62796.0591,222521.5385,117972.8069,149511.5935,713493.4345,2056646.1546999998,0.259,0.293,Asie du Sud,1216334650.9999998
231,5303,Asie du Sud,Asie,1992,719596.9808,24073.2362,134879.2025,-73426.7538,65307.5266,234058.5193,118163.19900000001,156981.5152,751637.0223,2131270.4481,-0.106,0.293,Asie du Sud,1242913684.0000002
232,5303,Asie du Sud,Asie,1993,729023.9527,24347.7331,137948.8919,-73625.064,66883.3445,229076.4625,118361.5091,166047.8654,780025.5229,2178090.2181,0.34299999999999997,0.293,Asie du Sud,1269571550.0
233,5303,Asie du Sud,Asie,1994,740883.8146,25178.2492,142271.7717,-73831.785,68586.1063,253851.6637,118568.2302,178673.0684,830333.0506,2284514.1697,0.488,0.293,Asie du Sud,1296284483.0
234,5303,Asie du Sud,Asie,1995,752078.7927,25695.9149,146833.8297,-74047.4514,71609.3434,258298.3589,118783.8965,190322.201,887490.4684,2377065.3541,0.45399999999999996,0.293,Asie du Sud,1323030420.0
235,5303,Asie du Sud,Asie,1996,763697.5074,25958.273999999998,150895.6498,-74272.6432,79826.231,272328.4888,118904.7513,173998.2661,954074.5359,2465411.0611,0.349,0.293,Asie du Sud,1349771110.0
236,5303,Asie du Sud,Asie,1997,773554.5316,26341.2267,154987.0671,-74507.9917,82654.8778,285915.6583,118688.1131,177656.2444,998222.2903,2543512.0176,0.272,0.293,Asie du Sud,1376482689.0
237,5303,Asie du Sud,Asie,1998,783306.2381,26478.1138,158933.3709,-74754.1847,93247.3089,272264.8547,119367.5078,185057.1625,1013575.5232,2577475.8952,0.816,0.293,Asie du Sud,1403174544.0
238,5303,Asie du Sud,Asie,1999,792903.3231,29091.6327,163773.0153,-75011.973,97154.3785,284636.5098,121694.3105,194606.8956,1085531.0654,2694379.1579,1.028,0.293,Asie du Sud,1429868808.0000002
239,5303,Asie du Sud,Asie,2000,787343.9285,27847.6691,167581.9528,-75282.1779,98252.964,285085.0793,120052.094,201866.575,1135941.9661,2748690.0509,0.765,0.293,Asie du Sud,1456569469.0
240,5303,Asie du Sud,Asie,2001,791702.7904,28363.4223,172008.8039,-183646.3687,105663.20300000001,285504.4073,99863.4194,206669.8895,1162162.7518,2668292.3189000003,0.9540000000000001,0.293,Asie du Sud,1483272071.0
241,5303,Asie du Sud,Asie,2002,783497.7414,28478.9256,176321.0253,-183630.2512,110780.0919,299900.0898,99324.9385,225860.9151,1198830.7879,2739364.2643,1.158,0.293,Asie du Sud,1509928854.0
242,5303,Asie du Sud,Asie,2003,798559.7587,28856.5799,181152.68,-183613.6452,118587.6258,313503.7166,101026.2933,232849.0808,1251427.5053,2842349.5952000003,0.7120000000000001,0.293,Asie du Sud,1536447360.0
243,5303,Asie du Sud,Asie,2004,812232.9065,29690.1467,185792.2754,-183596.5235,124501.0055,327584.702,101594.4067,244048.6062,1361635.2932,3003482.8186999997,0.98,0.293,Asie du Sud,1562709126.9999998
244,5303,Asie du Sud,Asie,2005,837372.3927,30124.3484,189099.1155,-183578.8566,133905.7313,331168.7738,100708.4926,248474.4372,1424976.2028,3112250.6377,0.624,0.293,Asie du Sud,1588623899.0
245,5303,Asie du Sud,Asie,2006,861916.7898,30875.0446,193184.46300000002,-153932.7251,143691.5286,350743.6064,75101.7506,263801.5046,1533731.3596,3299113.3221,1.038,0.293,Asie du Sud,1614165456.0
246,5303,Asie du Sud,Asie,2007,878653.4955,31589.3944,197080.3848,-153946.8176,157509.1465,384438.6091,75867.6524,276214.4253,1629697.0712,3477103.3616,0.813,0.293,Asie du Sud,1639339634.0
247,5303,Asie du Sud,Asie,2008,894886.8426,29941.8545,201473.5874,-153958.8895,166487.4844,402394.1236,74757.2389,172956.68,1663856.852,3452795.7739,0.71,0.293,Asie du Sud,1664131423.0000002
248,5303,Asie du Sud,Asie,2009,898345.6712,32162.5085,205869.7505,-153968.7791,198244.8715,421910.8787,75957.9512,188857.5862,1750657.4019999998,3618037.8406999996,1.3119999999999998,0.293,Asie du Sud,1688535035.0
249,5303,Asie du Sud,Asie,2010,907758.2084,35056.6529,210256.3604,-153976.3081,208520.9133,406108.8549,77388.4224,202904.7667,1838233.4923,3732251.3632,1.567,0.293,Asie du Sud,1712555453.0000002
250,5304,Asie du Sud-Est,Asie,1990,331346.857,25090.2473,65887.7277,-595291.1459,39763.6785,72227.4852,1798742.3646,90911.6261,288238.581,2116917.4215,0.447,0.222,Asie du Sud-Est,444464203.0
251,5304,Asie du Sud-Est,Asie,1991,334534.4714,57680.519,68600.3727,-604426.1005,42090.5706,73877.5077,1807877.3192,96729.0431,322689.8341,2199653.5373,0.601,0.222,Asie du Sud-Est,452921661.0
252,5304,Asie du Sud-Est,Asie,1992,345401.8682,57150.1426,71280.2386,-613862.7031,43386.2493,79054.94900000001,1817313.9218,102655.4777,336097.7038,2238477.8479,0.41200000000000003,0.222,Asie du Sud-Est,461239716.0
253,5304,Asie du Sud-Est,Asie,1993,348808.826,27737.8553,74039.45,-623616.0517,49520.8746,80520.2001,1827067.2705,114805.0487,370801.1193,2269684.5928,0.331,0.222,Asie du Sud-Est,469443085.0
254,5304,Asie du Sud-Est,Asie,1994,356244.7502,50980.1334,77093.884,-633702.2685,55799.4533,80205.06,1837153.4872,136170.2285,388828.2754,2348773.0035,0.38,0.222,Asie du Sud-Est,477572462.00000006
255,5304,Asie du Sud-Est,Asie,1995,364991.2835,22044.9071,80267.9796,-644138.5879,59165.3626,83504.1313,1847589.8067,151365.9518,419537.0128,2384327.8475,0.5720000000000001,0.222,Asie du Sud-Est,485655326.0
256,5304,Asie du Sud-Est,Asie,1996,372389.8146,17146.3709,83918.0895,-654943.4548,65464.6785,91798.5934,1712161.3518,167342.6574,459608.95200000005,2314887.0533,0.359,0.222,Asie du Sud-Est,493704008.0
257,5304,Asie du Sud-Est,Asie,1997,368752.042,157335.0674,87472.0702,-666136.6319,69262.2881,93217.8972,2654911.1175,179124.43399999998,496222.0128,3440160.2973,0.467,0.222,Asie du Sud-Est,501702031.0
258,5304,Asie du Sud-Est,Asie,1998,366986.1876,36154.3926,90459.1301,-677739.3203,58477.9734,94305.9138,1943127.3654,171310.9191,491342.8706,2574425.4323,1.284,0.222,Asie du Sud-Est,509614791.0
259,5304,Asie du Sud-Est,Asie,1999,378645.1022,18424.927,92131.7255,-689774.2925,60156.1548,102057.2623,1790072.8202,178281.3096,517285.3349,2447280.344,0.524,0.222,Asie du Sud-Est,517393806.00000006
260,5304,Asie du Sud-Est,Asie,2000,378575.1332,10798.3052,95138.48800000001,-702266.0408,70549.6115,104588.2422,1722187.7407,185139.7693,538964.5391,2403675.7884,0.331,0.222,Asie du Sud-Est,525007931.0
261,5304,Asie du Sud-Est,Asie,2001,377491.8421,20751.7944,99977.8047,324661.4546,75211.2704,106247.6524,978815.0299,193652.5702,565023.684,2741833.1027,0.7240000000000001,0.222,Asie du Sud-Est,532449607.00000006
262,5304,Asie du Sud-Est,Asie,2002,381694.6754,44087.7295,105318.1886,327598.4808,81415.356,103571.5076,1329304.9217,198929.4349,586792.3115,3158712.6059999997,0.72,0.222,Asie du Sud-Est,539741975.0
263,5304,Asie du Sud-Est,Asie,2003,390458.9501,17747.1324,107974.9701,330549.1273,87269.3183,103528.1799,1049158.6263,208512.2163,616954.1064,2912152.6271,0.763,0.222,Asie du Sud-Est,546923112.0000001
264,5304,Asie du Sud-Est,Asie,2004,400896.6223,27259.6696,110643.7301,333513.3891,89223.5094,109041.7133,1243927.1021,227626.813,673060.1096,3215192.6585,0.6579999999999999,0.222,Asie du Sud-Est,554046690.0
265,5304,Asie du Sud-Est,Asie,2005,401944.4299,32413.3463,113116.6874,336491.2551,95853.4085,106253.5916,1099803.6201,227546.9416,718450.635,3131873.9155,0.815,0.222,Asie du Sud-Est,561156071.0
266,5304,Asie du Sud-Est,Asie,2006,408297.5006,68813.7704,115695.085,524011.3625,97222.9798,102663.62400000001,1380333.7409,222143.063,760792.2986,3679973.4248,0.7020000000000001,0.222,Asie du Sud-Est,568252833.0
267,5304,Asie du Sud-Est,Asie,2007,421861.46200000006,15882.8798,118411.1281,528689.5938,98847.7048,103506.8887,949983.9006,231572.4053,805062.7162,3273818.6793000004,0.601,0.222,Asie du Sud-Est,575338127.0
268,5304,Asie du Sud-Est,Asie,2008,426947.6748,13660.2723,121187.9396,533432.837,100016.45599999999,101636.1229,914265.7476,225156.5455,849006.3262,3285309.9219,0.43700000000000006,0.222,Asie du Sud-Est,582452882.0
269,5304,Asie du Sud-Est,Asie,2009,442728.7301,27997.5469,123856.9066,538242.6,103379.7886,97860.4207,1216680.5775,244390.1782,843218.031,3638354.7795999995,0.7509999999999999,0.222,Asie du Sud-Est,589646243.0
270,5304,Asie du Sud-Est,Asie,2010,445597.6508,18250.9036,123777.7399,543120.4313,107369.2761,97825.7652,914868.7827,259731.0066,927111.3233,3437652.8795,1.073,0.222,Asie du Sud-Est,596947245.0
271,5305,Asie de l'Ouest,Asie,1990,68067.9142,4401.2542,26124.9233,-25202.3792,57449.1956,57382.6418,31.4986,142125.083,452927.3111,783307.4426,0.013999999999999999,0.46399999999999997,Asie de l'Ouest,132124315.99999999
272,5305,Asie de l'Ouest,Asie,1991,63663.2387,4577.6383,26926.7728,-25202.0924,52393.3945,57151.3649,31.2119,143830.2651,450929.3626,774301.1564,0.22399999999999998,0.46399999999999997,Asie de l'Ouest,135725228.0
273,5305,Asie de l'Ouest,Asie,1992,75039.4068,5158.9903,30998.0325,-30309.6148,61373.9879,80514.5335,92.1753,160038.5046,541532.5862,924438.6023,-1.105,0.46399999999999997,Asie de l'Ouest,155656844.0
274,5305,Asie de l'Ouest,Asie,1993,75753.1748,5494.5461,32546.5777,-30309.262000000002,67647.2278,78307.0667,91.8224,170768.8521,563774.8633,964074.8688999999,-0.465,0.46399999999999997,Asie de l'Ouest,159367930.99999997
275,5305,Asie de l'Ouest,Asie,1994,72618.3203,5601.3926,34380.2774,-30308.9172,68125.1949,74236.6911,91.4776,173853.4526,594475.0689,993072.9582,0.6709999999999999,0.46399999999999997,Asie de l'Ouest,163047723.0
276,5305,Asie de l'Ouest,Asie,1995,72275.9675,5603.5687,36476.367999999995,-30308.5801,73693.2241,79093.1972,91.1406,172167.6612,620651.4237,1029743.9709000001,0.159,0.46399999999999997,Asie de l'Ouest,166667468.0
277,5305,Asie de l'Ouest,Asie,1996,72252.8023,5807.7734,38598.239,-30308.2504,68572.2741,77414.5529,90.5789,178960.7213,655965.9772,1067354.6687,0.45299999999999996,0.46399999999999997,Asie de l'Ouest,170221581.0
278,5305,Asie de l'Ouest,Asie,1997,73574.2466,5791.0654,40746.7606,-30307.9277,68453.4421,82117.5462,79.0333,177052.8716,686929.4677,1104436.5058,0.057,0.46399999999999997,Asie de l'Ouest,173736978.0
279,5305,Asie de l'Ouest,Asie,1998,75186.4583,5946.129,43322.782999999996,-30307.6118,71528.1088,79815.0789,101.0336,175409.2984,725372.2902,1146373.5684,1.012,0.46399999999999997,Asie de l'Ouest,177258743.99999997
280,5305,Asie de l'Ouest,Asie,1999,74956.6609,6067.0467,45631.3333,-30307.3022,71779.865,78030.3135,101.8333,178574.4469,745777.2464,1170611.4438,1.199,0.46399999999999997,Asie de l'Ouest,180848900.0
281,5305,Asie de l'Ouest,Asie,2000,74795.1526,6335.8168,48131.6419,-30306.9989,76283.4291,82150.0327,119.6863,188150.3701,802224.3644,1247883.4949999999,0.633,0.46399999999999997,Asie de l'Ouest,184558812.0
282,5305,Asie de l'Ouest,Asie,2001,73977.29400000001,6166.9826,50513.4959,-37190.7103,85819.806,80831.3629,98.6571,192090.9639,792823.5545,1245131.4065999999,1.064,0.46399999999999997,Asie de l'Ouest,188385682.0
283,5305,Asie de l'Ouest,Asie,2002,71269.9381,6661.7218,52773.5342,-37190.867,90981.0041,83696.5733,81.4538,212245.6456,815962.2752,1296481.2791,0.8740000000000001,0.46399999999999997,Asie de l'Ouest,192333330.0
284,5305,Asie de l'Ouest,Asie,2003,72716.1536,6416.0562,55079.5606,-37191.0199,92627.9551,88588.7847,83.061,205257.2488,856182.0654,1339759.8654999998,0.569,0.46399999999999997,Asie de l'Ouest,196465485.0
285,5305,Asie de l'Ouest,Asie,2004,74448.099,6732.4081,57426.6121,-37191.1692,98509.5759,93838.6796,84.6814,215056.0835,892184.57,1401089.5404,0.83,0.46399999999999997,Asie de l'Ouest,200860479.0
286,5305,Asie de l'Ouest,Asie,2005,76808.3557,6952.3626,59115.4962,-37191.3151,103816.0469,97571.7775,88.4264,227338.8737,931194.1781,1465694.202,0.387,0.46399999999999997,Asie de l'Ouest,205564316.99999997
287,5305,Asie de l'Ouest,Asie,2006,78910.1351,7074.2736,61312.3611,-75652.9546,109262.0792,101658.3878,5217.3872,244263.0691,972065.5825,1504110.321,0.986,0.46399999999999997,Asie de l'Ouest,210603913.0
288,5305,Asie de l'Ouest,Asie,2007,80060.694,7250.2324,63199.0895,-75714.2488,115368.29,105575.8138,5300.8216,259119.8869,1024263.1278,1584423.7072,0.562,0.46399999999999997,Asie de l'Ouest,215936496.0
289,5305,Asie de l'Ouest,Asie,2008,76723.0204,7165.9108,65287.384000000005,-75774.3194,120283.2801,121608.076,5364.4555,263713.7388,1060663.504,1645035.0502,0.722,0.46399999999999997,Asie de l'Ouest,221449283.0
290,5305,Asie de l'Ouest,Asie,2009,79568.819,8655.3733,66803.7495,-75833.2026,128089.0413,119491.5663,5370.9764,267747.4555,1121999.392,1721893.1707,0.7390000000000001,0.46399999999999997,Asie de l'Ouest,226985873.00000003
291,5305,Asie de l'Ouest,Asie,2010,77902.6745,8466.898000000001,67914.3265,-75890.9331,149643.6532,120102.3703,5452.2075,273839.6201,1205431.413,1832862.23,2.244,0.46399999999999997,Asie de l'Ouest,232426470.0
292,5401,Europe de l'Est,Europe,1990,555008.1208,26696.1795,118291.3467,-102852.8592,347250.6416,895738.7269,232239.0023,482395.1921,3926657.7154,6481424.0660999995,1.216,0.535,Europe de l'Est,384048593.0
293,5401,Europe de l'Est,Europe,1991,526509.3874,22042.1592,115566.5637,-102880.515,324002.0249,825573.0824,232272.01,485835.3436,3704842.7289,6133762.7851,0.611,0.535,Europe de l'Est,385316684.0
294,5401,Europe de l'Est,Europe,1992,386604.8248,19296.396,98732.4089,-74423.0674,268480.9478,507109.3038,221027.7302,397865.4713,3027524.7753,4852218.7907,0.424,0.535,Europe de l'Est,310506138.99999994
295,5401,Europe de l'Est,Europe,1993,361483.8045,20801.3324,97318.0138,-74383.9445,231986.7983,541239.4769,221015.0152,339843.7091,2866296.8062,4605601.0119,0.8420000000000001,0.535,Europe de l'Est,310395176.99999994
296,5401,Europe de l'Est,Europe,1994,335475.8669,17494.6314,95689.4182,-74376.3179,210103.8225,468627.2186,221012.5757,305729.1934,2604201.277,4183957.6858,0.5870000000000001,0.535,Europe de l'Est,310025850.0
297,5401,Europe de l'Est,Europe,1995,309227.0412,15074.8026,95913.1417,-74368.5974,221353.569,458434.94299999997,221010.0375,287928.2467,2617049.9793,4151623.1635999996,1.983,0.535,Europe de l'Est,309435121.00000006
298,5401,Europe de l'Est,Europe,1996,291577.2451,22428.8976,96946.0123,-74360.7834,212386.3299,437851.3343,237806.6222,284000.0119,2535437.8568,4044073.5267000003,0.708,0.535,Europe de l'Est,308637287.0
299,5401,Europe de l'Est,Europe,1997,272368.6155,15477.7033,96314.4619,-74352.8762,209865.3179,416260.9131,170997.8754,278174.3041,2388992.4998,3774098.8148,1.179,0.535,Europe de l'Est,307645443.0
300,5401,Europe de l'Est,Europe,1998,252004.2642,31897.0195,96535.4455,-74344.8765,198329.8416,359762.4955,243132.0344,308882.2318,2340919.9047,3757118.3607,0.21,0.535,Europe de l'Est,306498203.99999994
301,5401,Europe de l'Est,Europe,1999,236790.0344,18353.8885,98431.4915,-74336.7844,208582.3732,384374.51200000005,190742.7961,309125.8993,2320281.8565,3692346.0671,0.594,0.535,Europe de l'Est,305241426.99999994
302,5401,Europe de l'Est,Europe,2000,232305.2561,18420.5677,101221.2415,-74328.6006,225546.1346,385720.9299,198878.1555,294168.4986,2396145.8659,3778078.0492000002,1.349,0.535,Europe de l'Est,303918418.0
303,5401,Europe de l'Est,Europe,2001,230054.9841,17548.5792,103720.7504,-262168.4978,226905.9647,390340.925,224697.4753,307234.441,2388368.1912,3626702.8131,0.877,0.535,Europe de l'Est,302544955.0
304,5401,Europe de l'Est,Europe,2002,223566.6242,21435.1611,105790.024,-262214.6197,227620.7622,365058.3467,259260.171,315795.43,2381735.3992,3638047.2987,1.6780000000000002,0.535,Europe de l'Est,301147717.0
305,5401,Europe de l'Est,Europe,2003,225658.6656,24175.7682,108016.9194,-262260.1473,245607.8752,378067.5663,354513.75700000004,330769.6538,2464403.7094,3868953.7676,0.898,0.535,Europe de l'Est,299792707.0
306,5401,Europe de l'Est,Europe,2004,214633.8817,14485.0883,110141.4642,-262305.1087,257728.6628,377755.0151,177714.3275,345530.1898,2455673.9001,3691357.4208000004,1.516,0.535,Europe de l'Est,298558103.0
307,5401,Europe de l'Est,Europe,2005,208981.2906,14201.8899,111753.54800000001,-262349.5303,267698.7781,367470.7856,202456.7549,352263.4355,2430088.0195,3692564.9718,1.507,0.535,Europe de l'Est,297500538.0
308,5401,Europe de l'Est,Europe,2006,205978.5389,11598.9117,113960.9181,-462206.8916,280978.8425,380385.9817,157940.0765,366976.2353,2486908.6073,3542521.2204,0.4,0.535,Europe de l'Est,296646506.0
309,5401,Europe de l'Est,Europe,2007,208147.3742,11557.0075,116196.1791,-462279.6271,290934.8694,372847.9009,144187.6859,380773.8869,2523916.5478,3586281.8246,2.435,0.535,Europe de l'Est,295987794.0
310,5401,Europe de l'Est,Europe,2008,214748.50199999998,11361.2989,118684.3331,-462352.1598,283219.2209,387224.4763,351166.2131,390298.115,2493099.9397,3787449.9392,2.07,0.535,Europe de l'Est,295500115.0
311,5401,Europe de l'Est,Europe,2009,208174.4405,10699.7676,120341.4071,-462424.4932,246187.5605,359808.7906,185440.27899999998,383218.4838,2334276.0227,3385722.2586000003,1.0859999999999999,0.535,Europe de l'Est,295140691.0
312,5401,Europe de l'Est,Europe,2010,205719.7009,10785.5677,123516.875,-462496.6307,269598.2636,370740.8115,161943.3382,394615.8128,2392099.2824,3466523.0214,0.8029999999999999,0.535,Europe de l'Est,294872854.0
313,5402,Europe du Nord,Europe,1990,108670.5986,5808.4555,82794.984,-122095.6511,80543.1687,157200.5779,49530.2022,180655.0449,496687.8145,1039795.1952,1.2209999999999999,0.7120000000000001,Europe du Nord,84110568.00000001
314,5402,Europe du Nord,Europe,1991,106321.2514,5685.7137,81371.2179,-122321.3135,79065.8199,168963.0393,49755.8646,178431.14800000002,508060.9953,1055333.7366000002,0.732,0.7120000000000001,Europe du Nord,84394279.00000001
315,5402,Europe du Nord,Europe,1992,123658.2995,5884.5187,82076.4682,-148380.0263,75759.0858,170668.2403,67745.1392,189345.5178,534538.8958,1101296.139,1.034,0.7120000000000001,Europe du Nord,92521209.0
316,5402,Europe du Nord,Europe,1993,121530.5848,5636.5788,80813.3306,-148611.7661,68402.0157,171001.5451,67976.879,189415.9734,510451.8591,1066617.0004,0.511,0.7120000000000001,Europe du Nord,92739448.0
317,5402,Europe du Nord,Europe,1994,119954.4061,5539.555,80491.7349,-148843.3544,75812.4018,167043.0657,68208.4673,190695.4314,515634.3774,1074536.0852,0.23600000000000002,0.7120000000000001,Europe du Nord,92954951.99999999
318,5402,Europe du Nord,Europe,1995,117832.4352,5356.1412,79606.9093,-149074.7916,75357.9555,162677.6293,68439.9045,190823.5658,512854.0175,1063873.7667,1.104,0.7120000000000001,Europe du Nord,93176748.0
319,5402,Europe du Nord,Europe,1996,118552.5142,5395.7619,78287.1988,-149306.078,76822.0775,174353.3939,68740.0566,196932.208,541399.0436,1111176.1765,-0.05,0.7120000000000001,Europe du Nord,93410739.0
320,5402,Europe du Nord,Europe,1997,117547.9439,4901.7904,75200.4606,-149537.2139,79975.7588,161283.086,68876.0519,199583.7617,508777.273,1066608.9124,0.784,0.7120000000000001,Europe du Nord,93657599.0
321,5402,Europe du Nord,Europe,1998,117235.722,4760.1153,72302.9718,-149768.1997,80987.9513,162351.0453,69151.5367,201271.7629,505000.37299999996,1063293.2786,0.409,0.7120000000000001,Europe du Nord,93915620.0
322,5402,Europe du Nord,Europe,1999,115535.2079,4624.3093,67803.8794,-149999.0356,69982.1559,156603.4639,69352.8936,206734.7159,491256.3052,1031893.8955000001,1.104,0.7120000000000001,Europe du Nord,94181050.0
323,5402,Europe du Nord,Europe,2000,112244.5318,4445.9719,65270.5909,-150229.72199999998,69298.9882,149987.9299,69560.8826,203446.3411,487900.6143,1011926.1287,1.357,0.7120000000000001,Europe du Nord,94454235.99999999
324,5402,Europe du Nord,Europe,2001,108839.106,4438.2468,60911.6503,-193188.8591,69011.8869,155178.4493,100915.5916,202528.0986,514028.7993,1022662.9697,0.88,0.7120000000000001,Europe du Nord,94726761.99999999
325,5402,Europe du Nord,Europe,2002,107558.0352,4673.2101,57499.1891,-194023.1457,67685.2895,147046.723,101890.5854,211012.6499,504630.3847,1007972.9212,1.24,0.7120000000000001,Europe du Nord,95007689.0
326,5402,Europe du Nord,Europe,2003,106873.8004,4433.8403,54167.8834,-194859.0425,69489.8093,147242.9807,102990.9746,209071.4711,535429.4813,1034841.1985999999,0.863,0.7120000000000001,Europe du Nord,95334569.0
327,5402,Europe du Nord,Europe,2004,106639.5783,4291.2724,52187.0419,-195696.5713,71968.6687,149026.4504,103430.2329,209563.2417,513689.218,1015099.1329999999,1.099,0.7120000000000001,Europe du Nord,95757239.0
328,5402,Europe du Nord,Europe,2005,105138.0404,4197.9017,50780.91099999999,-196535.7543,72282.1979,143506.5264,104343.2178,213249.3559,495491.0083,992453.4051,1.548,0.7120000000000001,Europe du Nord,96307386.0
329,5402,Europe du Nord,Europe,2006,103839.0405,4288.8993,50553.4133,-182666.8088,73065.9175,137653.8532,107252.2958,217283.263,519054.6902,1030324.564,1.226,0.7120000000000001,Europe du Nord,97002484.0
330,5402,Europe du Nord,Europe,2007,102396.5116,4159.0118,49562.6665,-183090.6326,76639.8713,131982.0798,107673.8339,221259.4776,502181.1666,1012763.9865,1.68,0.7120000000000001,Europe du Nord,97821220.99999999
331,5402,Europe du Nord,Europe,2008,102252.0463,4006.7602,48796.5272,-183513.77899999998,77313.9571,134955.2273,107923.8776,219353.0286,478929.4078,990017.0530999999,1.6440000000000001,0.7120000000000001,Europe du Nord,98708408.00000001
332,5402,Europe du Nord,Europe,2009,100998.0973,3646.2169,47459.6508,-183936.263,69418.4603,128510.0298,108192.4748,209051.1419,430125.6974,913465.5062,1.329,0.7120000000000001,Europe du Nord,99586386.0
333,5402,Europe du Nord,Europe,2010,100749.17599999999,3859.5294,48301.1896,-184358.0994,72068.1644,145414.8248,108802.4225,209854.0202,457797.7958,962489.0233,0.02,0.7120000000000001,Europe du Nord,100398311.99999999
334,5403,Europe du Sud,Europe,1990,117495.4782,5623.6887,41244.5253,-119692.0507,104966.3738,137173.3568,7070.0312,203000.3505,537732.7191,1034614.4728999999,1.097,0.311,Europe du Sud,143503861.0
335,5403,Europe du Sud,Europe,1991,113516.3543,5515.8227,41643.4087,-119710.4645,98601.3849,142192.1603,7088.4451,206294.637,516774.0397,1011915.7882000001,0.028999999999999998,0.311,Europe du Sud,143723699.0
336,5403,Europe du Sud,Europe,1992,107761.3183,5560.1301,42255.4874,-119559.3169,94846.433,133801.5183,6937.2974,214561.9272,517879.1621,1004043.9568999999,0.254,0.311,Europe du Sud,143933683.00000003
337,5403,Europe du Sud,Europe,1993,106026.1865,5467.3359,42763.6226,-119585.1105,86227.4283,132641.4658,6963.090999999999,218303.4858,491275.6325,970083.1379,-0.002,0.311,Europe du Sud,144118568.0
338,5403,Europe du Sud,Europe,1994,106651.4766,5717.0014,43836.6357,-119610.9292,87291.3374,121839.9926,6988.9097,221494.3912,490572.1613,964780.9767,1.128,0.311,Europe du Sud,144254593.0
339,5403,Europe du Sud,Europe,1995,105623.2539,5758.0252,45188.0352,-119636.7735,93560.6324,127722.9236,7014.754,226651.8565,523823.0859,1015705.7932,0.721,0.311,Europe du Sud,144332501.0
340,5403,Europe du Sud,Europe,1996,108308.6257,5553.2697,46533.3469,-119662.6435,94828.1387,135812.1318,7084.2407,236651.25100000002,492715.8268,1007824.1878,0.253,0.311,Europe du Sud,144332751.99999997
341,5403,Europe du Sud,Europe,1997,108618.4657,5679.0317,47316.4263,-119688.5397,97648.3045,133389.6713,7215.6947,241565.1421,526445.6217,1048189.8182999999,0.7859999999999999,0.311,Europe du Sud,144282783.0
342,5403,Europe du Sud,Europe,1998,109321.97099999999,5897.1463,48161.3556,-119714.4624,101690.5255,137259.7981,7637.2417,253528.1237,538521.4589,1082303.1584,0.9570000000000001,0.311,Europe du Sud,144275614.0
343,5403,Europe du Sud,Europe,1999,108601.0656,5732.9053,48626.352,-119740.4118,103877.1769,144164.3433,7173.9204,257953.0575,539242.6744,1095631.0836,0.648,0.311,Europe du Sud,144435918.0
344,5403,Europe du Sud,Europe,2000,108071.7131,6256.1448,49821.6682,-119766.3883,105274.5002,141859.4712,7583.8994,264718.9394,581552.0276,1145371.9756,0.91,0.311,Europe du Sud,144846712.0
345,5403,Europe du Sud,Europe,2001,103991.8343,5732.4955,49855.5199,-108801.3927,108252.93699999999,148178.9083,6262.7351,272968.6755,570383.1678,1156824.8807,1.27,0.311,Europe du Sud,145541889.0
346,5403,Europe du Sud,Europe,2002,106205.3707,5807.7315,49807.1164,-108785.7807,110933.302,146930.1454,6178.6388,279867.1163,599413.364,1196357.0044,0.6859999999999999,0.311,Europe du Sud,146477636.0
347,5403,Europe du Sud,Europe,2003,106247.9681,5991.3146,49668.5949,-108770.03,112916.4991,156143.1287,6763.1865,290150.5563,606661.6286,1225772.8468,1.185,0.311,Europe du Sud,147562185.0
348,5403,Europe du Sud,Europe,2004,107437.701,5833.3989,48633.2442,-108754.1396,118321.0171,160972.3796,6177.1254,293059.5629,618517.1088,1250197.3983,0.595,0.311,Europe du Sud,148662421.0
349,5403,Europe du Sud,Europe,2005,102386.9405,6014.8197,48880.6222,-108738.1087,121392.2361,165441.0574,7106.6611,296613.5038,601017.1325,1240114.8646,0.373,0.311,Europe du Sud,149676146.0
350,5403,Europe du Sud,Europe,2006,102264.4415,5400.0225,48819.677,-174144.3266,121368.1268,158582.8305,7498.5447,302001.0647,590438.1569,1162228.5380000002,0.847,0.311,Europe du Sud,150579036.99999997
351,5403,Europe du Sud,Europe,2007,103589.3948,5454.4209,48930.997,-174165.271,124425.2956,147661.9088,7924.6992,308415.0847,621425.421,1193661.951,1.034,0.311,Europe du Sud,151382844.0
352,5403,Europe du Sud,Europe,2008,99240.0409,5088.0984,48710.6097,-174186.2537,117294.8075,147852.7383,6898.0615,300501.3028,574229.1248,1125628.5302,0.8009999999999999,0.311,Europe du Sud,152066055.99999997
353,5403,Europe du Sud,Europe,2009,97325.2177,4901.2335,49065.3034,-174207.2753,120680.8232,146939.4659,6814.7081,287263.8698,516715.1819,1055498.5282,1.037,0.311,Europe du Sud,152613098.0
354,5403,Europe du Sud,Europe,2010,97387.3915,4518.1289,49615.5378,-174228.3367,129681.3402,152155.1002,7049.85,277891.3537,506990.8078,1051061.1734,0.7559999999999999,0.311,Europe du Sud,153015516.0
355,5404,Europe de l'Ouest,Europe,1990,207543.9479,8130.4634,78296.0355,-116550.1178,196663.1257,423917.9536,26840.4112,354834.7599,990999.6268,2170676.2062,1.496,0.47700000000000004,Europe de l'Ouest,175509660.0
356,5404,Europe de l'Ouest,Europe,1991,203457.6466,7966.9935,78840.399,-116587.9005,192364.9623,447149.5136,26878.1939,364199.6612,973465.6637,2177735.1333,0.261,0.47700000000000004,Europe de l'Ouest,176445048.0
357,5404,Europe de l'Ouest,Europe,1992,192133.9474,7707.5167,78768.5744,-116625.6861,190480.985,421650.4298,26915.9795,372799.4776,917756.1145,2091587.3388,0.861,0.47700000000000004,Europe de l'Ouest,177428986.0
358,5404,Europe de l'Ouest,Europe,1993,187805.323,7411.1601,77836.8871,-116663.475,186604.5765,423845.076,26953.7684,378997.1726,882867.0774,2055657.5661,0.28800000000000003,0.47700000000000004,Europe de l'Ouest,178403565.0
359,5404,Europe de l'Ouest,Europe,1994,188407.5013,7179.2027,76595.3292,-116701.2677,195439.6428,400617.3751,26991.5611,378749.3349,886961.3959,2044240.0753000001,1.545,0.47700000000000004,Europe de l'Ouest,179294025.0
360,5404,Europe de l'Ouest,Europe,1995,189213.5208,6952.4067,74710.0115,-116739.0646,190044.4062,406326.5649,27029.357999999997,381835.0004,891086.031,2050458.2349,1.239,0.47700000000000004,Europe de l'Ouest,180050093.99999997
361,5404,Europe de l'Ouest,Europe,1996,190129.3459,6911.7505,72160.3155,-116776.8662,191513.0356,454729.8478,27064.903,385956.5741,909853.3854,2121542.2916,-0.22699999999999998,0.47700000000000004,Europe de l'Ouest,180639490.0
362,5404,Europe de l'Ouest,Europe,1997,188987.2918,6634.2188,68782.6745,-116814.6729,196720.5187,420691.9866,27102.8592,389305.3608,886777.2264,2068187.4639,0.866,0.47700000000000004,Europe de l'Ouest,181083642.0
363,5404,Europe de l'Ouest,Europe,1998,186322.8351,6576.8088,66330.8373,-116852.4852,178431.9454,417188.8804,27148.3951,402301.2262,895725.38,2063173.8231000002,0.9540000000000001,0.47700000000000004,Europe de l'Ouest,181452385.0
364,5404,Europe de l'Ouest,Europe,1999,187416.6013,6288.6838,63237.6046,-116890.3034,166771.6805,396052.1931,27184.8608,408341.7737,859816.5275,1998219.6218999997,1.18,0.47700000000000004,Europe de l'Ouest,181847006.00000003
365,5404,Europe de l'Ouest,Europe,2000,180836.6029,6078.0405,60513.0975,-116899.409,166824.5848,380900.2228,27205.6288,411647.62,867654.2188,1984760.6071000001,1.36,0.47700000000000004,Europe de l'Ouest,182338670.0
366,5404,Europe de l'Ouest,Europe,2001,180492.0036,5983.2438,58028.4312,-142439.0307,161488.2323,408795.2795,36967.4951,410683.9708,878860.3179,1998859.9435,1.2,0.47700000000000004,Europe de l'Ouest,182958286.99999997
367,5404,Europe de l'Ouest,Europe,2002,178249.9361,5811.5303,55670.3426,-142556.642,164529.8645,384683.5546,37062.2043,412369.4599,872122.8039,1967943.0542000001,1.111,0.47700000000000004,Europe de l'Ouest,183679003.0
368,5404,Europe de l'Ouest,Europe,2003,175870.3909,5818.4272,53436.7799,-142673.6265,168781.6054,406027.5013,37252.9907,407970.8155,890515.9453,2003000.8297,1.4969999999999999,0.47700000000000004,Europe de l'Ouest,184444812.0
369,5404,Europe de l'Ouest,Europe,2004,173503.6208,5754.9857,51366.0448,-142789.9955,173665.6845,404663.9538,37317.0433,407417.1091,889098.0143,1999996.4608,0.848,0.47700000000000004,Europe de l'Ouest,185172066.99999997
370,5404,Europe de l'Ouest,Europe,2005,171403.8454,5696.4343,49131.7841,-142905.7603,175215.3827,395792.3719,37442.3032,398520.9046,864651.1293,1954948.3952000001,0.851,0.47700000000000004,Europe de l'Ouest,185803776.0
371,5404,Europe de l'Ouest,Europe,2006,168752.1059,5605.0031,48002.0423,-106878.3811,181568.3,389892.0879,30614.1444,394950.8318,863499.0522,1976005.1864999998,1.139,0.47700000000000004,Europe de l'Ouest,186318795.0
372,5404,Europe de l'Ouest,Europe,2007,170956.9256,5527.7454,46716.5803,-106923.5729,183825.1727,340154.3802,30639.3299,389359.2611,880844.3137,1941100.1360000002,1.561,0.47700000000000004,Europe de l'Ouest,186746660.0
373,5404,Europe de l'Ouest,Europe,2008,170454.2778,5517.8635,45446.3099,-106968.1423,182057.8172,381851.2565,30814.6739,398154.4982,860834.5105,1968163.0652,1.0859999999999999,0.47700000000000004,Europe de l'Ouest,187141922.0
374,5404,Europe de l'Ouest,Europe,2009,168309.262,5328.0243,47767.8246,-107012.1021,185251.9634,367399.8988,30747.2536,393769.4245,813165.9611,1904727.5102000001,1.157,0.47700000000000004,Europe de l'Ouest,187583215.0
375,5404,Europe de l'Ouest,Europe,2010,169133.9958,5234.1320000000005,46103.9297,-107055.465,188684.0601,356380.6044,30778.1073,393638.9247,858432.0229999999,1941330.312,0.248,0.47700000000000004,Europe de l'Ouest,188126307.0
376,5501,Australie et Nouvelle-Z√©lande,Océanie,1990,200136.2637,4927.5962,13945.8238,-32587.409,19314.8338,17680.66,12269.9855,71304.9555,222580.4276,529573.1370999999,0.52,0.31,Australie et Nouvelle-Z√©lande,20358769.0
377,5501,Australie et Nouvelle-Z√©lande,Océanie,1991,197793.1081,5648.4031,14308.8901,-32587.8855,18781.3956,18040.155,12270.462,69850.3963,227427.9056,531532.8303,0.754,0.31,Australie et Nouvelle-Z√©lande,20635410.0
378,5501,Australie et Nouvelle-Z√©lande,Océanie,1992,194142.7147,4920.4581,14432.5927,-32588.3572,18223.4861,18502.7698,12270.9337,71781.2902,232699.7677,534385.6558000001,0.168,0.31,Australie et Nouvelle-Z√©lande,20905354.0
379,5501,Australie et Nouvelle-Z√©lande,Océanie,1993,191711.2242,4383.1897,14823.7391,-32588.8243,18499.4322,19156.9209,12271.4008,73231.8931,234140.3348,535629.3105,0.426,0.31,Australie et Nouvelle-Z√©lande,21167668.999999996
380,5501,Australie et Nouvelle-Z√©lande,Océanie,1994,194165.0301,6504.2502,14723.1564,-32589.2868,18572.9704,19118.1167,12271.8633,75591.0628,231978.7524,540335.9155,0.21600000000000003,0.31,Australie et Nouvelle-Z√©lande,21421807.999999996
381,5501,Australie et Nouvelle-Z√©lande,Océanie,1995,192741.5014,4435.7798,14943.3291,-32589.7448,19196.3213,19941.2651,12272.3213,78997.6644,237929.7263,547868.1639,0.381,0.31,Australie et Nouvelle-Z√©lande,21668010.0
382,5501,Australie et Nouvelle-Z√©lande,Océanie,1996,183203.8978,4488.0873,14019.9308,-32590.1983,19644.2753,20104.1808,13566.8117,81712.4217,252201.4768,556350.8839,0.5329999999999999,0.31,Australie et Nouvelle-Z√©lande,21906626.0
383,5501,Australie et Nouvelle-Z√©lande,Océanie,1997,181756.0152,4990.4899,14107.595,-32590.6475,19586.5163,20367.1289,16104.3249,83425.1049,271412.4778,579159.0054,0.302,0.31,Australie et Nouvelle-Z√©lande,22139576.0
384,5501,Australie et Nouvelle-Z√©lande,Océanie,1998,187580.295,4527.5149,13633.9925,-32591.0923,20708.5217,20730.2743,14503.6293,83675.3542,291326.92,604095.4096,0.932,0.31,Australie et Nouvelle-Z√©lande,22370995.0
385,5501,Australie et Nouvelle-Z√©lande,Océanie,1999,217738.87600000002,5133.2028,13839.0437,-32591.5328,21260.7955,20839.9204,16355.7524,85449.7782,297844.9083,645870.7445,0.619,0.31,Australie et Nouvelle-Z√©lande,22606317.000000004
386,5501,Australie et Nouvelle-Z√©lande,Océanie,2000,233300.6059,6063.3443,13911.055,-32591.9692,23480.7996,20749.9944,11242.2523,88320.644,299896.3032,664373.0295,0.20600000000000002,0.31,Australie et Nouvelle-Z√©lande,22850430.0
387,5501,Australie et Nouvelle-Z√©lande,Océanie,2001,233501.1134,6789.3045,14139.9699,-53636.4805,23456.8247,21193.7045,87612.8525,87733.7676,306786.3347,727577.3913,0.175,0.31,Australie et Nouvelle-Z√©lande,23102605.0
388,5501,Australie et Nouvelle-Z√©lande,Océanie,2002,225109.5776,6470.4033,14420.677,-53676.343,23065.0146,22847.7235,87810.2278,90584.8009,315464.4105,732096.4922,0.406,0.31,Australie et Nouvelle-Z√©lande,23364574.0
389,5501,Australie et Nouvelle-Z√©lande,Océanie,2003,164150.3031,6347.9507,13858.6354,-53716.3386,25890.1774,23911.318,95911.3756,92952.8721,318754.2779,688060.5715999999,0.72,0.31,Australie et Nouvelle-Z√©lande,23646235.0
390,5501,Australie et Nouvelle-Z√©lande,Océanie,2004,196163.0367,5141.4941,13586.632,-53756.4682,26770.8178,24629.2621,83948.2074,93085.3888,336969.6574,726538.0281,0.66,0.31,Australie et Nouvelle-Z√©lande,23960087.000000004
391,5501,Australie et Nouvelle-Z√©lande,Océanie,2005,164798.1617,4151.608,13633.4931,-53796.7325,27391.3703,25684.0013,83868.7052,94691.5377,356487.7945,716909.9393,1.05,0.31,Australie et Nouvelle-Z√©lande,24313895.0
392,5501,Australie et Nouvelle-Z√©lande,Océanie,2006,192337.1625,3483.5438,13619.7451,-240875.9429,29017.6801,25021.7793,235284.6109,92685.5923,362097.2284,712671.3995,0.701,0.31,Australie et Nouvelle-Z√©lande,24712191.000000004
393,5501,Australie et Nouvelle-Z√©lande,Océanie,2007,180297.7859,6242.9564,14081.8669,-242420.35100000002,30036.4346,24196.9861,230635.5266,94125.0018,363295.1222,700491.3295,0.915,0.31,Australie et Nouvelle-Z√©lande,25149390.0
394,5501,Australie et Nouvelle-Z√©lande,Océanie,2008,155438.7691,3256.3822,14401.5997,-243986.323,30662.6673,24588.7981,228286.5241,96465.0021,375622.3782,684735.7978,0.54,0.31,Australie et Nouvelle-Z√©lande,25610437.0
395,5501,Australie et Nouvelle-Z√©lande,Océanie,2009,162420.7221,3618.4552,14437.4355,-245574.3171,30062.7426,24625.5553,232208.7835,94753.2693,375985.20700000005,692537.8534000001,0.975,0.31,Australie et Nouvelle-Z√©lande,26074188.0
396,5501,Australie et Nouvelle-Z√©lande,Océanie,2010,141572.8198,2670.4854,14732.443000000001,-247184.8047,33642.59,24949.4677,231376.2442,94926.2277,372905.3076,669590.7807,0.6970000000000001,0.31,Australie et Nouvelle-Z√©lande,26524741.0
397,5502,M√©lan√©sie,Océanie,1990,6662.6241,244.0216,850.1009,-2845.3675,117.929,2763.2574,65138.1534,991.3589999999999,2290.2759,76212.3538,0.41700000000000004,0.218,M√©lan√©sie,5973187.0
398,5502,M√©lan√©sie,Océanie,1991,6691.8582,680.9785,873.8534,-2845.4601,121.5376,2698.8817,65138.246,961.227,2318.688,76639.8103,0.254,0.218,M√©lan√©sie,6106780.0
399,5502,M√©lan√©sie,Océanie,1992,6762.9209,602.2468,898.6239,-2845.5524,136.6021,2329.5757,65138.3382,1098.7365,2388.5126,76510.0043,0.596,0.218,M√©lan√©sie,6244610.0
400,5502,M√©lan√©sie,Océanie,1993,6874.7245,267.285,925.1753,-2845.6443,141.7669,2520.4063,65138.4302,1040.12,2447.0256,76509.28949999998,0.22899999999999998,0.218,M√©lan√©sie,6386741.999999999
401,5502,M√©lan√©sie,Océanie,1994,6942.7063,580.113,953.0049,-2845.7358,151.1508,2262.5756,65138.5217,1012.1724,2439.8359,76634.3448,0.252,0.218,M√©lan√©sie,6533045.0
402,5502,M√©lan√©sie,Océanie,1995,7019.6839,180.9878,977.9815,-2845.8271,192.1848,2387.1388,65138.6129,1057.5919999999999,2377.9824,76486.337,0.8490000000000001,0.218,M√©lan√©sie,6683217.0
403,5502,M√©lan√©sie,Océanie,1996,6996.7142,159.6351,1003.6431,-2845.9179,195.7832,2026.3643,54382.8391,1144.6139,2238.0246,65301.69959999999,0.9690000000000001,0.218,M√©lan√©sie,6838119.000000001
404,5502,M√©lan√©sie,Océanie,1997,7173.5181,1853.9272,1027.6708,-2846.0085,202.0868,2256.0125,165687.8458,1166.1408,2238.7479,178759.94139999998,0.41,0.218,M√©lan√©sie,6997484.0
405,5502,M√©lan√©sie,Océanie,1998,6978.5291,190.1959,1050.065,-2846.0987,150.3595,2204.1195,56626.7872,1124.2814,3196.0586,68674.2975,1.355,0.218,M√©lan√©sie,7158655.0
406,5502,M√©lan√©sie,Océanie,1999,6948.0883,102.3759,1077.5529,-2846.1886,155.873,2388.9188,56593.2617,1092.8584,2361.0277,67873.7681,0.941,0.218,M√©lan√©sie,7318090.999999999
407,5502,M√©lan√©sie,Océanie,2000,6903.0352,148.8368,1103.5903,-2846.2781,194.0001,1625.8628,56424.9799,1172.0634,2667.533,67393.6234,0.7190000000000001,0.218,M√©lan√©sie,7473493.0
408,5502,M√©lan√©sie,Océanie,2001,6977.6146,137.4059,1129.6305,-2595.5663,198.4827,1845.146,53595.5451,1155.1369,2473.321,64916.716400000005,0.649,0.218,M√©lan√©sie,7623210.0
409,5502,M√©lan√©sie,Océanie,2002,7088.5268,157.7892,1157.3837,-2595.4429999999998,211.3052,1919.3512,70978.0856,1272.3377,2802.3738,82991.71020000002,0.685,0.218,M√©lan√©sie,7768712.0
410,5502,M√©lan√©sie,Océanie,2003,7074.9153,109.6656,1184.7992,-2595.3186,235.1832,1743.6557,59793.3877,1357.2005,2766.895,71670.38360000002,0.39299999999999996,0.218,M√©lan√©sie,7914673.000000001
411,5502,M√©lan√©sie,Océanie,2004,7228.8548,162.611,1212.999,-2595.1932,256.8327,1778.1867,88663.9662,1386.8711,2954.6089,101049.7372,0.41600000000000004,0.218,M√©lan√©sie,8067654.0
412,5502,M√©lan√©sie,Océanie,2005,7074.9999,102.44200000000001,1242.0787,-2595.0668,287.0913,1880.8967,53900.362,1444.5620000000001,3625.0832,66962.449,0.7509999999999999,0.218,M√©lan√©sie,8232148.999999999
413,5502,M√©lan√©sie,Océanie,2006,7089.6735,97.5671,1271.1867,-1508.2579,303.2409,2087.7593,65568.3473,1535.0372,3968.4791,80413.03319999999,0.406,0.218,M√©lan√©sie,8410143.0
414,5502,M√©lan√©sie,Océanie,2007,7120.3318,99.0523,1301.7371,-1508.6124,317.2955,2462.3484,55535.2134,1619.2057,3654.6620000000003,70601.2338,0.7490000000000001,0.218,M√©lan√©sie,8599639.000000002
415,5502,M√©lan√©sie,Océanie,2008,7140.999,100.3103,1332.4491,-1508.9679999999998,328.6401,2594.7928,62529.170999999995,1672.181,4144.4545,78334.02979999999,0.612,0.218,M√©lan√©sie,8796321.0
416,5502,M√©lan√©sie,Océanie,2009,7166.0996,115.4765,1363.9253,-1509.3249,339.0542,2831.6916,56770.6895,1748.3877,4314.7094,73140.7089,0.6890000000000001,0.218,M√©lan√©sie,8993926.0
417,5502,M√©lan√©sie,Océanie,2010,7151.5502,106.3334,1396.1949,-1509.683,370.0797,3070.6901,63107.9966,1824.6143,4484.0968,80001.873,1.272,0.218,M√©lan√©sie,9187924.0
418,5503,Micron√©sie,Océanie,1990,51.4238,0.2312,73.5802,-451.7837,10.0051,9.4658,332.4354,11.4293,3.1368,39.92390000000005,0.49,0.149,Micron√©sie,416769.0
419,5503,Micron√©sie,Océanie,1991,8.4797,0.2659,75.9651,-532.1408,10.2068,10.5296,412.7925,13.9905,3.6723,3.7615999999999836,0.251,0.149,Micron√©sie,426295.0
420,5503,Micron√©sie,Océanie,1992,8.6303,0.254,78.3881,-532.1294,10.3976,7.4944,412.7811,13.6525,3.542,3.0105999999999487,0.193,0.149,Micron√©sie,434454.0
421,5503,Micron√©sie,Océanie,1993,8.8506,0.2423,80.7616,-532.1181,10.578,8.2006,412.7698,12.945,3.5944,5.824199999999962,-0.017,0.149,Micron√©sie,441615.0
422,5503,Micron√©sie,Océanie,1994,8.8687,0.2368,83.1223,-532.1068,10.7487,7.0404,412.7585,12.0405,3.6438,6.35289999999997,0.217,0.149,Micron√©sie,448296.0
423,5503,Micron√©sie,Océanie,1995,55.3772,0.2367,85.4567,-532.0954,10.9115,7.5856,412.7471,12.3758,3.2185,55.81369999999995,0.313,0.149,Micron√©sie,454931.99999999994
424,5503,Micron√©sie,Océanie,1996,55.8164,0.2389,87.8408,-532.0841,11.0645,7.683,412.7358,13.9536,3.1710000000000003,60.41989999999994,0.326,0.149,Micron√©sie,461603.0
425,5503,Micron√©sie,Océanie,1997,56.0367,0.2299,89.9152,-532.0728,11.2096,8.7167,412.7245,14.3943,2.9533,64.10739999999998,0.162,0.149,Micron√©sie,468136.99999999994
426,5503,Micron√©sie,Océanie,1998,55.5217,0.2182,91.8891,-532.0615,11.3544,8.4704,412.7132,13.6755,2.949,64.72999999999995,0.309,0.149,Micron√©sie,474369.0
427,5503,Micron√©sie,Océanie,1999,55.7168,0.2107,93.821,-532.0502,11.5102,9.2686,412.702,13.4729,3.3158,67.9678,0.09300000000000001,0.149,Micron√©sie,479990.0
428,5503,Micron√©sie,Océanie,2000,56.4321,0.2297,95.7616,-532.039,11.6861,7.6169,412.6907,16.5251,3.6911,72.59430000000002,0.385,0.149,Micron√©sie,484775.0
429,5503,Micron√©sie,Océanie,2001,57.5735,0.2284,97.8249,-528.5605,11.8546,8.7509,412.7591,16.0427,3.8839,80.35749999999994,0.561,0.149,Micron√©sie,488767.0
430,5503,Micron√©sie,Océanie,2002,58.3026,0.2282,99.8159,-528.5498,12.0687,9.2439,412.7485,15.7869,4.0667,83.71159999999995,0.5760000000000001,0.149,Micron√©sie,492040.0
431,5503,Micron√©sie,Océanie,2003,58.3985,0.2241,101.8328,-528.5392,12.2738,9.1922,412.7379,15.4255,4.0567,85.60229999999999,0.405,0.149,Micron√©sie,494659.0
432,5503,Micron√©sie,Océanie,2004,58.2749,0.2114,103.8834,-528.5286,12.4751,12.2581,412.7272,13.8999,3.7989,89.00029999999998,0.56,0.149,Micron√©sie,496716.0
433,5503,Micron√©sie,Océanie,2005,58.3778,0.2073,105.8832,-528.518,12.671,9.9264,412.7167,14.2507,3.9262,89.44129999999996,0.541,0.149,Micron√©sie,498286.0
434,5503,Micron√©sie,Océanie,2006,58.418,0.2083,107.9268,-386.8657,12.8839,9.7542,412.7061,13.9636,3.9936,232.9888,0.53,0.149,Micron√©sie,499379.0
435,5503,Micron√©sie,Océanie,2007,59.1888,0.2163,110.2342,-386.8528,13.1154,16.444000000000003,412.6932,13.7186,3.9361,242.69379999999998,0.46399999999999997,0.149,Micron√©sie,500088.0
436,5503,Micron√©sie,Océanie,2008,59.6334,0.2143,112.7339,-386.8399,13.3268,17.7622,412.6803,13.1937,3.8934,246.59810000000002,0.294,0.149,Micron√©sie,500734.00000000006
437,5503,Micron√©sie,Océanie,2009,59.8624,0.2166,115.3581,-386.8269,13.5481,20.3809,412.6673,12.8576,3.8808,251.94489999999996,0.503,0.149,Micron√©sie,501798.0
438,5503,Micron√©sie,Océanie,2010,60.0245,0.2189,118.1747,-386.814,13.7694,22.9995,412.6544,12.5016,3.8793,257.4083,0.0,0.0,Micron√©sie,503579.0
439,5504,Polyn√©sie,Océanie,1990,260.6393,17.684,102.0628,-4567.7427,20.9408,400.7133,65.9294,336.6546,357.2391,-3005.8794,0.34700000000000003,0.221,Polyn√©sie,549965.0
440,5504,Polyn√©sie,Océanie,1991,262.5212,17.0377,104.712,-4567.8534,21.3499,372.0844,66.0401,329.6138,351.3809,-3043.1133999999997,0.26,0.221,Polyn√©sie,556790.9999999999
441,5504,Polyn√©sie,Océanie,1992,263.4969,17.9142,106.7796,-4567.9652,21.735,304.0885,66.1519,394.0198,360.0069,-3033.7724000000003,0.177,0.221,Polyn√©sie,563520.0
442,5504,Polyn√©sie,Océanie,1993,271.155,17.2964,108.6568,-4568.0781,22.0992,327.7863,66.2648,359.2053,362.9585,-3032.6558000000005,-0.004,0.221,Polyn√©sie,570190.0
443,5504,Polyn√©sie,Océanie,1994,273.9348,14.3575,110.3823,-4568.1921,22.4473,225.8279,66.3788,317.399,301.3686,-3236.0959000000003,0.305,0.221,Polyn√©sie,576837.0
444,5504,Polyn√©sie,Océanie,1995,266.8331,14.0392,112.0412,-4568.3072,22.7855,250.7358,66.494,336.2663,285.3047,-3213.8074,0.57,0.221,Polyn√©sie,583488.0
445,5504,Polyn√©sie,Océanie,1996,269.127,13.7139,113.7358,-4568.4235,23.111,248.7724,66.7562,355.8748,279.2934,-3198.0390000000007,0.289,0.221,Polyn√©sie,590145.0
446,5504,Polyn√©sie,Océanie,1997,267.4909,12.9181,115.0699,-4568.541,23.4244,292.6148,66.8737,381.4151,268.7748,-3139.9593,0.26,0.221,Polyn√©sie,596725.0
447,5504,Polyn√©sie,Océanie,1998,272.2953,12.8758,116.7338,-4568.6597,23.7381,290.0687,69.3394,372.6127,276.1564,-3134.8395000000014,0.866,0.221,Polyn√©sie,603306.0
448,5504,Polyn√©sie,Océanie,1999,283.1093,12.3993,118.3928,-4568.7796,24.0677,323.3334,67.3078,359.5936,284.7525,-3095.8232000000003,0.168,0.221,Polyn√©sie,609856.0
449,5504,Polyn√©sie,Océanie,2000,305.0388,11.687999999999999,120.3928,-4568.9007,24.4554,66.2528,65.7204,387.2925,387.3854,-3200.6746,0.32299999999999995,0.221,Polyn√©sie,616405.0
450,5504,Polyn√©sie,Océanie,2001,313.218,11.5251,122.5238,-2566.2705,24.7473,65.12100000000001,65.8152,378.9783,388.32800000000003,-1196.0138,0.445,0.221,Polyn√©sie,623013.0
451,5504,Polyn√©sie,Océanie,2002,285.1545,10.3652,124.3704,-2566.3334,25.2286,73.7397,66.3531,335.3466,331.7552,-1314.0200999999997,0.66,0.221,Polyn√©sie,629569.0
452,5504,Polyn√©sie,Océanie,2003,309.1426,11.245999999999999,126.1196,-2566.3969,25.6193,108.3625,69.2666,360.2643,349.9507,-1206.4253000000008,0.41100000000000003,0.221,Polyn√©sie,635816.0
453,5504,Polyn√©sie,Océanie,2004,296.3899,11.0159,127.947,-2566.4611,25.9889,116.492,66.0058,347.3393,358.3942,-1216.8881000000003,0.174,0.221,Polyn√©sie,641335.0
454,5504,Polyn√©sie,Océanie,2005,290.1608,11.1997,129.8416,-2566.526,26.3545,107.6482,66.0707,358.8501,371.5307,-1204.8697,0.45899999999999996,0.221,Polyn√©sie,645878.0
455,5504,Polyn√©sie,Océanie,2006,288.2429,10.9567,131.7993,-3627.8809,26.8602,117.3177,94.2122,346.418,357.12300000000005,-2254.9509,0.32299999999999995,0.221,Polyn√©sie,649348.0000000001
456,5504,Polyn√©sie,Océanie,2007,288.8127,11.1741,134.1758,-3628.3747,27.2553,139.922,94.706,359.1762,331.4495,-2241.7030999999997,0.583,0.221,Polyn√©sie,651851.0
457,5504,Polyn√©sie,Océanie,2008,290.5389,11.4875,136.9624,-3628.8737,27.6536,151.2104,95.205,359.1661,345.3897,-2211.2601,-0.22699999999999998,0.221,Polyn√©sie,653665.9999999999
458,5504,Polyn√©sie,Océanie,2009,317.1344,11.5834,139.9581,-3629.3781,28.1481,165.7312,95.7093,359.0214,336.236,-2175.8561999999997,0.513,0.221,Polyn√©sie,655233.0000000001
459,5504,Polyn√©sie,Océanie,2010,309.4549,11.6794,143.2218,-3629.8878,28.5535,180.2519,96.2191,358.6967,327.2824,-2174.5281,0.282,0.221,Polyn√©sie,656837.0
